date,home_team,away_team,rank_home,rank_away,home_score,away_score,result,rank_dif,rank_change_home,rank_change_away,home_goals_mean,home_goals_mean_l5,home_goals_suf_mean,home_goals_suf_mean_l5,home_rank_mean,home_rank_mean_l5,home_points_mean,home_points_mean_l5,away_goals_mean,away_goals_mean_l5,away_goals_suf_mean,away_goals_suf_mean_l5,away_rank_mean,away_rank_mean_l5,away_points_mean,away_points_mean_l5,home_game_points_mean,home_game_points_mean_l5,home_game_points_rank_mean,home_game_points_rank_mean_l5,away_game_points_mean,away_game_points_mean_l5,away_game_points_rank_mean,away_game_points_rank_mean_l5,is_friendly_0,is_friendly_1
2020-10-13,Costa Rica,Panama,46.0,81.0,0,1,1,-35.0,0.0,0.0,0.0,0.0,1.0,1.0,81.0,81.0,0.0,0.0,1.0,1.0,0.0,0.0,46.0,46.0,0.0,0.0,0.0,0.0,0.0,0.0,3.0,3.0,0.06521739130434782,0.06521739130434782,False,True
2020-10-13,Bolivia,Argentina,75.0,9.0,1,2,1,66.0,0.0,0.0,0.0,0.0,5.0,5.0,3.0,3.0,0.0,0.0,1.0,1.0,0.0,0.0,64.0,64.0,0.0,0.0,0.0,0.0,0.0,0.0,3.0,3.0,0.046875,0.046875,True,False
2020-10-13,Ecuador,Uruguay,64.0,6.0,4,2,0,58.0,1.0,1.0,0.0,0.0,1.0,1.0,9.0,9.0,0.0,0.0,2.0,2.0,1.0,1.0,17.0,17.0,0.0,0.0,0.0,0.0,0.0,0.0,3.0,3.0,0.17647058823529413,0.17647058823529413,True,False
2020-10-13,Venezuela,Paraguay,25.0,40.0,0,1,1,-15.0,0.0,-1.0,0.0,0.0,3.0,3.0,10.0,10.0,0.0,0.0,2.0,2.0,2.0,2.0,22.0,22.0,0.0,0.0,0.0,0.0,0.0,0.0,1.0,1.0,0.045454545454545456,0.045454545454545456,True,False
2020-10-13,Peru,Brazil,22.0,3.0,2,4,1,19.0,1.0,0.0,2.0,2.0,2.0,2.0,40.0,40.0,0.0,0.0,5.0,5.0,0.0,0.0,75.0,75.0,0.0,0.0,1.0,1.0,0.025,0.025,3.0,3.0,0.04,0.04,True,False
2020-10-13,Chile,Colombia,17.0,10.0,2,2,2,7.0,0.0,0.0,1.0,1.0,2.0,2.0,6.0,6.0,0.0,0.0,3.0,3.0,0.0,0.0,25.0,25.0,0.0,0.0,0.0,0.0,0.0,0.0,3.0,3.0,0.12,0.12,True,False
2020-11-12,Bolivia,Ecuador,79.0,60.0,2,3,1,19.0,4.0,-4.0,0.5,0.5,3.5,3.5,6.0,6.0,0.0,0.0,2.0,2.0,1.5,1.5,7.5,7.5,0.0,0.0,0.0,0.0,0.0,0.0,1.5,1.5,0.25,0.25,True,False
2020-11-12,Argentina,Paraguay,8.0,35.0,1,1,2,-27.0,-1.0,-5.0,1.5,1.5,0.5,0.5,69.5,69.5,0.0,0.0,1.5,1.5,1.0,1.0,23.5,23.5,0.0,0.0,3.0,3.0,0.043437500000000004,0.043437500000000004,2.0,2.0,0.08272727272727273,0.08272727272727273,True,False
2020-11-13,Colombia,Uruguay,10.0,7.0,0,3,1,3.0,0.0,1.0,2.5,2.5,1.0,1.0,21.0,21.0,0.0,0.0,2.0,2.0,2.5,2.5,40.5,40.5,0.0,0.0,2.0,2.0,0.08941176470588236,0.08941176470588236,1.5,1.5,0.08823529411764706,0.08823529411764706,True,False
2020-11-13,Chile,Peru,17.0,24.0,2,0,0,-7.0,0.0,2.0,1.5,1.5,2.0,2.0,8.0,8.0,0.0,0.0,2.0,2.0,3.0,3.0,21.5,21.5,0.0,0.0,0.5,0.5,0.05,0.05,0.5,0.5,0.0125,0.0125,True,False
2020-11-13,Brazil,Venezuela,3.0,28.0,1,0,0,-25.0,0.0,3.0,4.5,4.5,1.0,1.0,48.5,48.5,0.0,0.0,0.0,0.0,2.0,2.0,25.0,25.0,0.0,0.0,3.0,3.0,0.08818181818181818,0.08818181818181818,0.0,0.0,0.0,0.0,True,False
2020-11-17,Ecuador,Colombia,60.0,10.0,6,1,0,50.0,-4.0,0.0,2.3333333333333335,2.3333333333333335,1.6666666666666667,1.6666666666666667,31.333333333333332,31.333333333333332,12.0,12.0,1.6666666666666667,1.6666666666666667,1.6666666666666667,1.6666666666666667,16.333333333333332,16.333333333333332,9.0,9.0,2.0,2.0,0.17932489451476794,0.17932489451476794,1.3333333333333333,1.3333333333333333,0.0596078431372549,0.0596078431372549,True,False
2020-11-17,Venezuela,Chile,28.0,17.0,2,1,0,11.0,3.0,0.0,0.0,0.0,1.6666666666666667,1.6666666666666667,17.666666666666668,17.666666666666668,-24.0,-24.0,1.6666666666666667,1.6666666666666667,1.3333333333333333,1.3333333333333333,13.333333333333334,13.333333333333334,-9.0,-9.0,0.0,0.0,0.0,0.0,1.3333333333333333,1.3333333333333333,0.075,0.075,True,False
2020-11-17,Peru,Argentina,24.0,8.0,0,2,1,16.0,2.0,-1.0,1.3333333333333333,1.3333333333333333,2.6666666666666665,2.6666666666666665,20.0,20.0,-11.0,-11.0,1.3333333333333333,1.3333333333333333,0.6666666666666666,0.6666666666666666,58.0,58.0,13.0,13.0,0.3333333333333333,0.3333333333333333,0.008333333333333333,0.008333333333333333,2.3333333333333335,2.3333333333333335,0.03848214285714286,0.03848214285714286,True,False
2020-11-17,Paraguay,Bolivia,35.0,79.0,2,2,2,-44.0,-5.0,4.0,1.3333333333333333,1.3333333333333333,1.0,1.0,18.333333333333332,18.333333333333332,15.0,15.0,1.0,1.0,3.3333333333333335,3.3333333333333335,24.0,24.0,-10.0,-10.0,1.6666666666666667,1.6666666666666667,0.09681818181818182,0.09681818181818182,0.0,0.0,0.0,0.0,True,False
2020-11-17,Uruguay,Brazil,7.0,3.0,0,2,1,4.0,1.0,0.0,2.3333333333333335,2.3333333333333335,1.6666666666666667,1.6666666666666667,30.333333333333332,30.333333333333332,-8.0,-8.0,3.3333333333333335,3.3333333333333335,0.6666666666666666,0.6666666666666666,41.666666666666664,41.666666666666664,13.0,13.0,2.0,2.0,0.1588235294117647,0.1588235294117647,3.0,3.0,0.09450216450216449,0.09450216450216449,True,False
2021-03-26,Chile,Bolivia,17.0,79.0,2,1,0,-62.0,0.0,0.0,1.5,1.5,1.5,1.5,17.0,17.0,-9.0,-9.0,1.25,1.25,3.0,3.0,26.75,26.75,-10.0,-10.0,1.0,1.0,0.05625,0.05625,0.25,0.25,0.007142857142857143,0.007142857142857143,False,True
2021-03-29,Ecuador,Bolivia,57.0,79.0,2,1,0,-22.0,1.0,0.0,3.25,3.25,1.5,1.5,26.0,26.0,12.0,12.0,1.2,1.2,2.8,2.8,24.8,24.8,-17.0,-17.0,2.25,2.25,0.20949367088607596,0.20949367088607596,0.2,0.2,0.005714285714285714,0.005714285714285714,False,True
2021-06-03,Mexico,Costa Rica,11.0,50.0,0,0,2,-39.0,0.0,0.0,1.0,1.0,0.0,0.0,50.0,50.0,0.0,0.0,0.0,0.0,1.0,1.0,57.0,57.0,-12.0,-12.0,3.0,3.0,0.06,0.06,0.0,0.0,0.0,0.0,True,False
2021-06-03,Bolivia,Venezuela,81.0,30.0,3,1,0,51.0,0.0,0.0,1.1666666666666667,1.4,2.6666666666666665,2.2,30.166666666666668,35.6,-17.0,-17.0,0.5,0.5,1.5,1.5,17.5,17.5,-24.0,-24.0,0.16666666666666666,0.2,0.0047619047619047615,0.005714285714285714,0.75,0.75,0.04411764705882353,0.04411764705882353,True,False
2021-06-03,Uruguay,Paraguay,9.0,35.0,0,0,2,-26.0,0.0,0.0,1.75,1.75,1.75,1.75,23.5,23.5,-8.0,-8.0,1.5,1.5,1.25,1.25,33.5,33.5,15.0,15.0,1.5,1.5,0.11911764705882352,0.11911764705882352,1.5,1.5,0.07577819332566169,0.07577819332566169,True,False
2021-06-03,Argentina,Chile,8.0,19.0,1,1,2,-11.0,0.0,0.0,1.5,1.5,0.5,0.5,49.5,49.5,13.0,13.0,1.6,1.6,1.4,1.4,29.4,29.4,-12.0,-12.0,2.5,2.5,0.06011160714285715,0.06011160714285715,1.4,1.4,0.052594936708860764,0.052594936708860764,True,False
2021-06-03,Peru,Colombia,27.0,15.0,0,3,1,12.0,0.0,0.0,1.0,1.0,2.5,2.5,17.0,17.0,-11.0,-11.0,1.5,1.5,2.75,2.75,27.25,27.25,9.0,9.0,0.25,0.25,0.00625,0.00625,1.0,1.0,0.04470588235294118,0.04470588235294118,True,False
2021-06-04,Brazil,Ecuador,3.0,53.0,2,0,0,-50.0,0.0,0.0,3.0,3.0,0.5,0.5,33.0,33.0,13.0,13.0,3.0,3.0,1.4,1.4,36.6,36.6,41.0,41.0,3.0,3.0,0.17801948051948052,0.17801948051948052,2.4,2.4,0.17518987341772152,0.17518987341772152,True,False
2021-06-08,Ecuador,Peru,53.0,27.0,1,2,1,26.0,0.0,0.0,2.5,3.0,1.5,1.6,31.0,35.4,45.00999999999999,45.00999999999999,0.8,0.8,2.6,2.6,16.6,16.6,-32.11999999999989,-32.11999999999989,2.0,2.4,0.1459915611814346,0.17518987341772152,0.2,0.2,0.005,0.005,True,False
2021-06-08,Colombia,Argentina,15.0,8.0,2,2,2,7.0,0.0,0.0,1.8,1.8,2.2,2.2,27.2,27.2,-21.339999999999918,-21.339999999999918,1.4,1.4,0.6,0.6,43.4,43.4,18.950000000000045,18.950000000000045,1.4,1.4,0.05798692810457516,0.05798692810457516,2.2,2.2,0.0586156015037594,0.0586156015037594,True,False
2021-06-08,Venezuela,Uruguay,30.0,9.0,0,0,2,21.0,0.0,0.0,0.6,0.6,1.8,1.8,30.2,30.2,-16.289999999999964,-16.289999999999964,1.4,1.4,1.4,1.4,25.8,25.8,-5.920000000000073,-5.920000000000073,0.6,0.6,0.03529411764705882,0.03529411764705882,1.4,1.4,0.10100840336134453,0.10100840336134453,True,False
2021-06-08,Paraguay,Brazil,35.0,3.0,0,2,1,32.0,0.0,0.0,1.2,1.2,1.0,1.0,28.6,28.6,15.019999999999982,15.019999999999982,2.8,2.8,0.4,0.4,37.0,37.0,30.65000000000009,30.65000000000009,1.4,1.4,0.08284477688275158,0.08284477688275158,3.0,3.0,0.15373633913256554,0.15373633913256554,True,False
2021-06-08,Chile,Bolivia,19.0,81.0,1,1,2,-62.0,0.0,0.0,1.5,1.6,1.3333333333333333,1.2,25.833333333333332,29.8,-9.480000000000018,-9.480000000000018,1.4285714285714286,1.8,2.4285714285714284,2.0,30.142857142857142,39.8,-23.8900000000001,-13.8900000000001,1.3333333333333333,1.6,0.06466244725738396,0.07759493670886075,0.5714285714285714,0.8,0.018367346938775512,0.025714285714285717,True,False
2021-06-13,Brazil,Venezuela,3.0,30.0,3,0,0,-27.0,0.0,0.0,2.6666666666666665,2.2,0.3333333333333333,0.4,36.666666666666664,29.0,30.65000000000009,30.65000000000009,0.5,0.6,1.5,1.2,26.666666666666668,30.0,-16.289999999999964,-16.289999999999964,3.0,3.0,0.1423993302295189,0.16287919627542266,0.6666666666666666,0.8,0.04793028322440087,0.05751633986928104,True,False
2021-06-13,Colombia,Ecuador,15.0,53.0,1,0,0,-38.0,0.0,0.0,1.8333333333333333,1.6,2.1666666666666665,2.6,24.0,23.8,-21.339999999999918,-21.339999999999918,2.2857142857142856,2.4,1.5714285714285714,1.6,30.428571428571427,39.6,45.00999999999999,33.00999999999999,1.3333333333333333,1.0,0.06915577342047931,0.05898692810457516,1.7142857142857142,1.8,0.1251356238698011,0.07518987341772151,True,False
2021-06-14,Argentina,Chile,8.0,19.0,1,1,2,-11.0,0.0,0.0,1.5,1.6,0.8333333333333334,1.0,38.666666666666664,33.6,18.950000000000045,18.950000000000045,1.4285714285714286,1.4,1.2857142857142858,1.0,33.714285714285715,44.0,-9.480000000000018,-0.4800000000000182,2.0,1.8,0.05995744569757727,0.06257393483709273,1.2857142857142858,1.6,0.0571886232223785,0.060064072511329905,True,False
2021-06-14,Paraguay,Bolivia,35.0,81.0,3,1,0,-46.0,0.0,0.0,1.0,0.8,1.1666666666666667,1.0,24.333333333333332,24.8,15.019999999999982,15.019999999999982,1.375,1.6,2.25,1.6,28.75,31.6,-23.8900000000001,-13.8900000000001,1.1666666666666667,1.2,0.06903731406895965,0.07375386779184248,0.625,1.0,0.022650375939849626,0.0362406015037594,True,False
2021-06-17,Colombia,Venezuela,15.0,30.0,0,0,2,-15.0,0.0,0.0,1.7142857142857142,1.4,1.8571428571428572,2.2,28.142857142857142,31.0,-21.339999999999918,-30.339999999999918,0.42857142857142855,0.6,1.7142857142857142,1.6,23.285714285714285,22.6,-16.289999999999964,7.710000000000036,1.5714285714285714,1.4,0.06736263058682593,0.05854297693920335,0.5714285714285714,0.8,0.04108309990662932,0.05751633986928104,True,False
2021-06-17,Brazil,Peru,3.0,27.0,4,0,0,-24.0,0.0,0.0,2.7142857142857144,2.0,0.2857142857142857,0.0,35.714285714285715,30.6,30.65000000000009,17.65000000000009,1.0,0.8,2.3333333333333335,2.4,22.666666666666668,19.2,-32.11999999999989,-32.11999999999989,3.0,3.0,0.13634228305387336,0.15560646900269542,0.6666666666666666,0.6,0.013600628930817612,0.011320754716981133,True,False
2021-06-18,Chile,Bolivia,19.0,81.0,1,0,0,-62.0,0.0,0.0,1.375,1.2,1.25,1.2,30.5,40.8,-9.480000000000018,-0.4800000000000182,1.3333333333333333,1.4,2.3333333333333335,1.8,29.444444444444443,31.6,-23.8900000000001,-6.8900000000001,1.25,1.2,0.06566504531958119,0.06006407251132989,0.5555555555555556,0.8,0.020133667502088556,0.030526315789473686,True,False
2021-06-18,Argentina,Uruguay,8.0,9.0,1,0,0,-1.0,0.0,0.0,1.4285714285714286,1.4,0.8571428571428571,1.0,35.857142857142854,22.4,18.950000000000045,5.9500000000000455,1.1666666666666667,1.0,1.1666666666666667,1.2,26.5,28.4,-5.920000000000073,-5.920000000000073,1.8571428571428572,1.4,0.05891089330469029,0.06510025062656641,1.3333333333333333,1.0,0.08972922502334267,0.07238095238095238,True,False
2021-06-20,Venezuela,Ecuador,30.0,53.0,2,2,2,-23.0,0.0,0.0,0.375,0.6,1.5,1.4,22.25,25.0,-16.289999999999964,7.710000000000036,2.0,1.8,1.5,1.4,28.5,26.8,45.00999999999999,33.00999999999999,0.625,1.0,0.04428104575163398,0.07084967320261437,1.5,1.2,0.10949367088607595,0.06759493670886076,True,False
2021-06-20,Colombia,Peru,15.0,27.0,1,2,1,-12.0,0.0,0.0,1.5,1.4,1.625,1.6,28.375,35.6,-21.339999999999918,-30.339999999999918,0.8571428571428571,0.4,2.5714285714285716,2.4,19.857142857142858,19.2,-32.11999999999989,-21.11999999999989,1.5,1.6,0.06310896843013936,0.06520964360587003,0.5714285714285714,0.6,0.01165768194070081,0.011320754716981133,True,False
2021-06-21,Uruguay,Chile,9.0,19.0,1,1,2,-10.0,0.0,0.0,1.0,0.6,1.1428571428571428,0.6,23.857142857142858,17.2,-5.920000000000073,2.0799999999999272,1.3333333333333333,1.2,1.1111111111111112,0.8,36.111111111111114,51.4,-9.480000000000018,2.519999999999982,1.1428571428571428,1.0,0.07691076430572229,0.07238095238095238,1.4444444444444444,1.8,0.06248415551040962,0.0674714799187373,True,False
2021-06-21,Argentina,Paraguay,8.0,35.0,1,0,0,-27.0,0.0,0.0,1.375,1.4,0.75,0.8,32.5,17.2,18.950000000000045,5.9500000000000455,1.2857142857142858,1.2,1.1428571428571428,1.2,32.42857142857143,36.0,15.019999999999982,0.01999999999998181,2.0,1.8,0.09321369830827068,0.12605263157894736,1.4285714285714286,1.2,0.06446584592154213,0.057161275199249885,True,False
2021-06-23,Ecuador,Peru,53.0,27.0,2,2,2,26.0,0.0,0.0,2.0,1.0,1.5555555555555556,1.6,28.666666666666668,30.8,45.00999999999999,4.009999999999991,1.0,0.8,2.375,2.2,19.25,18.8,-32.11999999999989,-21.11999999999989,1.4444444444444444,0.8,0.10103141115799344,0.014261603375527426,0.875,1.2,0.03520047169811321,0.05132075471698113,True,False
2021-06-23,Brazil,Colombia,3.0,15.0,2,1,0,-12.0,0.0,0.0,2.875,2.6,0.25,0.0,34.625,30.4,30.65000000000009,17.65000000000009,1.4444444444444444,1.4,1.6666666666666667,0.8,28.22222222222222,29.0,-21.339999999999918,0.0,3.0,3.0,0.13318838656102808,0.15640011979634622,1.3333333333333333,1.6,0.05609686082679054,0.06520964360587003,True,False
2021-06-24,Bolivia,Uruguay,81.0,9.0,0,2,1,72.0,0.0,0.0,1.2,1.2,2.2,1.6,28.4,32.0,-23.8900000000001,-6.8900000000001,1.0,0.2,1.125,0.8,23.25,19.0,-5.920000000000073,2.0799999999999272,0.5,0.8,0.0181203007518797,0.030526315789473686,1.125,0.6,0.07387586613592806,0.022907268170426064,True,False
2021-06-24,Chile,Paraguay,19.0,35.0,0,2,1,-16.0,0.0,0.0,1.3,1.0,1.1,0.8,33.4,37.4,-9.480000000000018,0.0,1.125,1.0,1.125,1.2,29.375,36.0,15.019999999999982,0.01999999999998181,1.4,1.4,0.06734685107047976,0.08209876543209876,1.25,1.0,0.05640761518134936,0.032161275199249884,True,False
2021-06-27,Brazil,Ecuador,3.0,53.0,1,1,2,-50.0,0.0,0.0,2.7777777777777777,2.6,0.3333333333333333,0.2,32.44444444444444,32.0,30.65000000000009,0.0,2.0,1.0,1.6,1.8,28.5,20.4,45.00999999999999,0.0,3.0,3.0,0.1406118991653583,0.1106858340820605,1.4,0.4,0.0946319737458978,0.014074074074074072,True,False
2021-06-27,Venezuela,Peru,30.0,27.0,0,1,1,3.0,0.0,0.0,0.5555555555555556,0.6,1.5555555555555556,1.6,25.666666666666668,32.2,-16.289999999999964,0.0,1.1111111111111112,1.2,2.3333333333333335,2.2,23.0,27.8,-32.11999999999989,0.0,0.6666666666666666,0.6,0.041457365615708196,0.039329140461215925,0.8888888888888888,1.4,0.03338574423480084,0.05509433962264151,True,False
2021-06-28,Argentina,Bolivia,8.0,81.0,4,1,0,-73.0,0.0,0.0,1.3333333333333333,1.2,0.6666666666666666,0.8,32.77777777777778,19.4,18.950000000000045,0.0,1.0909090909090908,1.0,2.1818181818181817,1.6,26.636363636363637,22.4,-23.8900000000001,0.0,2.111111111111111,1.8,0.09238043024227234,0.11819548872180449,0.45454545454545453,0.8,0.016473000683527,0.030526315789473686,True,False
2021-06-28,Uruguay,Paraguay,9.0,35.0,1,0,0,-26.0,0.0,0.0,1.1111111111111112,0.6,1.0,0.4,29.666666666666668,34.6,-5.920000000000073,0.0,1.2222222222222223,1.0,1.0,0.8,28.22222222222222,24.0,15.019999999999982,0.0,1.3333333333333333,1.2,0.06978266290271794,0.03031467557783347,1.4444444444444444,1.4,0.06768396203254445,0.06120857699805068,True,False
2021-06-30,Mexico,Panama,11.0,78.0,3,0,0,-67.0,0.0,0.0,0.5,0.5,0.0,0.0,50.0,50.0,-2.4400000000000546,-2.4400000000000546,1.0,1.0,0.0,0.0,46.0,46.0,0.0,0.0,2.0,2.0,0.04,0.04,3.0,3.0,0.06521739130434782,0.06521739130434782,False,True
2021-07-02,Peru,Paraguay,27.0,35.0,3,3,2,-8.0,0.0,0.0,1.1,1.4,2.1,1.6,23.7,30.8,-32.11999999999989,0.0,1.1,1.0,1.0,1.0,26.3,24.0,15.019999999999982,0.0,1.1,2.0,0.04004716981132076,0.07509433962264152,1.3,1.2,0.06091556582929001,0.03898635477582846,True,False
2021-07-02,Brazil,Chile,3.0,19.0,1,0,0,-16.0,0.0,0.0,2.6,2.4,0.4,0.4,34.5,32.0,30.65000000000009,0.0,1.1818181818181819,0.8,1.1818181818181819,1.0,33.54545454545455,42.8,-9.480000000000018,0.0,2.8,2.6,0.12843750170165263,0.10313866427073974,1.2727272727272727,1.2,0.06122441006407251,0.05709876543209876,True,False
2021-07-03,Uruguay,Colombia,9.0,15.0,0,0,2,-6.0,0.0,0.0,1.1,0.8,0.9,0.4,30.2,34.6,-5.920000000000073,0.0,1.4,1.0,1.7,1.2,25.7,24.2,-21.339999999999918,0.0,1.5,1.6,0.07137582518387472,0.0417432470064049,1.2,1.0,0.050487174744111483,0.0429874213836478,True,False
2021-07-03,Argentina,Ecuador,8.0,53.0,3,0,0,-45.0,0.0,0.0,1.6,1.8,0.7,0.8,37.6,31.8,18.950000000000045,0.0,1.9090909090909092,1.2,1.5454545454545454,1.6,26.181818181818183,20.4,45.00999999999999,0.0,2.2,2.2,0.08684609092174882,0.11507658033973822,1.3636363636363635,0.6,0.11633209734475557,0.08074074074074074,True,False
2021-07-05,Brazil,Peru,3.0,27.0,1,0,0,-24.0,0.0,0.0,2.4545454545454546,2.2,0.36363636363636365,0.4,33.09090909090909,28.8,30.65000000000009,0.0,1.2727272727272727,1.6,2.1818181818181817,2.0,24.727272727272727,27.2,-32.11999999999989,0.0,2.8181818181818183,2.6,0.13111543216896654,0.11757475449630365,1.0909090909090908,1.6,0.0390039206076942,0.0694878706199461,True,False
2021-07-06,Argentina,Colombia,8.0,15.0,1,1,2,-7.0,0.0,0.0,1.7272727272727273,2.0,0.6363636363636364,0.4,39.0,39.4,18.950000000000045,0.0,1.2727272727272727,0.6,1.5454545454545454,0.8,24.181818181818183,24.4,-21.339999999999918,0.0,2.272727272727273,2.6,0.08409678934567216,0.11306400172338602,1.1818181818181819,1.0,0.05599844168656599,0.04020964360587002,True,False
2021-07-09,Peru,Colombia,27.0,15.0,2,3,1,12.0,0.0,0.0,1.1666666666666667,1.6,2.0833333333333335,1.4,22.916666666666668,27.2,-32.11999999999989,0.0,1.25,0.6,1.5,1.0,22.833333333333332,15.4,-21.339999999999918,0.0,1.0,1.6,0.03575359389038635,0.0694878706199461,1.1666666666666667,0.6,0.06174857154601882,0.05388888888888889,True,False
2021-07-10,Brazil,Argentina,3.0,8.0,0,1,1,-5.0,0.0,0.0,2.3333333333333335,1.8,0.3333333333333333,0.4,32.583333333333336,28.2,30.65000000000009,0.0,1.6666666666666667,2.0,0.6666666666666666,0.4,37.0,38.6,18.950000000000045,0.0,2.8333333333333335,2.6,0.12944840541414526,0.11979697671852588,2.1666666666666665,2.6,0.08264427912242171,0.11587101926724568,True,False
2021-07-29,Mexico,Canada,11.0,70.0,2,1,0,-59.0,0.0,0.0,1.3333333333333333,1.3333333333333333,0.0,0.0,59.333333333333336,59.333333333333336,-2.4400000000000546,-2.4400000000000546,2.0,2.0,0.0,0.0,50.0,50.0,0.0,0.0,2.3333333333333335,2.3333333333333335,0.03948717948717949,0.03948717948717949,3.0,3.0,0.06,0.06,True,False
2021-09-02,Bolivia,Colombia,82.0,15.0,1,1,2,67.0,1.0,0.0,1.0833333333333333,0.6,2.3333333333333335,2.2,25.083333333333332,18.0,-23.8900000000001,0.0,1.3846153846153846,1.2,1.5384615384615385,1.4,23.153846153846153,14.8,-21.339999999999918,0.0,0.4166666666666667,0.2,0.015100250626566418,0.010526315789473684,1.3076923076923077,1.0,0.06554568997410284,0.06944444444444445,True,False
2021-09-02,Ecuador,Paraguay,55.0,33.0,2,0,0,22.0,2.0,-2.0,1.75,1.0,1.6666666666666667,1.8,24.666666666666668,16.6,45.00999999999999,0.0,1.2727272727272727,1.6,1.1818181818181819,1.2,26.363636363636363,28.8,15.019999999999982,0.0,1.25,0.6,0.10663775589935927,0.08074074074074074,1.2727272727272727,1.4,0.05874479048453973,0.04639376218323586,True,False
2021-09-02,Peru,Uruguay,22.0,13.0,1,1,2,9.0,-5.0,4.0,1.2307692307692308,1.6,2.1538461538461537,1.8,22.307692307692307,27.2,-32.11999999999989,0.0,1.0,0.8,0.8181818181818182,0.4,28.818181818181817,31.6,-5.920000000000073,0.0,0.9230769230769231,1.0,0.0330033174372797,0.029487870619946094,1.4545454545454546,1.6,0.07094771986412854,0.04840991367307157,True,False
2021-09-02,Venezuela,Argentina,40.0,6.0,1,3,1,34.0,10.0,-2.0,0.5,0.4,1.5,1.2,25.8,21.4,-16.289999999999964,0.0,1.6153846153846154,2.0,0.6153846153846154,0.4,34.38461538461539,37.4,18.950000000000045,0.0,0.6,0.6,0.037311629054137374,0.039329140461215925,2.230769230769231,2.6,0.15321010380531233,0.249204352600579,True,False
2021-09-02,Chile,Brazil,20.0,2.0,0,1,1,18.0,1.0,-1.0,1.0833333333333333,0.6,1.1666666666666667,1.0,31.0,27.2,-9.480000000000018,0.0,2.1538461538461537,1.0,0.38461538461538464,0.6,30.692307692307693,24.4,30.65000000000009,0.0,1.1666666666666667,1.0,0.05612237589206647,0.054629629629629625,2.6153846153846154,2.0,0.11949083576690328,0.09757475449630365,True,False
2021-09-02,Panama,Costa Rica,74.0,44.0,0,0,2,30.0,-4.0,-6.0,0.6666666666666666,0.6666666666666666,1.0,1.0,34.333333333333336,34.333333333333336,16.970000000000027,16.970000000000027,0.16666666666666666,0.2,0.8333333333333334,0.8,49.5,43.2,-15.599999999999909,-15.599999999999909,2.0,2.0,0.043478260869565216,0.043478260869565216,0.6666666666666666,0.8,0.026262626262626265,0.03151515151515152,True,False
2021-09-02,Mexico,Jamaica,9.0,50.0,2,1,0,-41.0,-2.0,5.0,1.5,1.5,0.25,0.25,62.0,62.0,-2.4400000000000546,-2.4400000000000546,0.0,0.0,1.0,1.0,50.0,50.0,0.0,0.0,2.5,2.5,0.04032967032967033,0.04032967032967033,0.0,0.0,0.0,0.0,True,False
2021-09-05,Ecuador,Chile,55.0,20.0,0,0,2,35.0,2.0,1.0,1.7692307692307692,1.4,1.5384615384615385,1.6,25.307692307692307,20.2,37.25999999999999,-7.75,1.0,0.4,1.1538461538461537,1.0,28.76923076923077,26.0,-21.190000000000055,-11.710000000000036,1.3846153846153846,1.2,0.10542785859241555,0.09892255892255891,1.0769230769230769,0.8,0.0518052700542152,0.029629629629629627,True,False
2021-09-05,Paraguay,Colombia,33.0,15.0,1,1,2,18.0,-2.0,0.0,1.1666666666666667,1.0,1.25,1.4,28.75,23.6,22.49000000000001,7.470000000000027,1.3571428571428572,1.2,1.5,1.2,27.357142857142858,25.8,-4.329999999999927,17.00999999999999,1.1666666666666667,0.8,0.05384939127749475,0.03898635477582846,1.2857142857142858,1.2,0.06173493511532547,0.07188346883468835,True,False
2021-09-05,Uruguay,Bolivia,13.0,82.0,4,2,0,-69.0,4.0,1.0,1.0,1.0,0.8333333333333334,0.4,28.25,34.4,-10.36999999999989,-4.449999999999818,1.0769230769230769,0.6,2.230769230769231,2.2,24.307692307692307,17.2,-38.059999999999945,-14.169999999999845,1.4166666666666667,1.8,0.06882328866332994,0.05750082276398065,0.46153846153846156,0.2,0.019066898014266438,0.013333333333333332,True,False
2021-09-05,Peru,Venezuela,22.0,40.0,1,0,0,-18.0,-5.0,10.0,1.2142857142857142,1.4,2.0714285714285716,1.6,21.642857142857142,19.2,-0.8399999999999181,31.279999999999973,0.5454545454545454,0.6,1.6363636363636365,1.8,24.0,20.8,-53.700000000000045,-37.41000000000008,0.9285714285714286,1.0,0.03614044311483665,0.041098901098901096,0.5454545454545454,0.4,0.03391966277648852,0.01710691823899371,True,False
2021-09-05,Costa Rica,Mexico,44.0,9.0,0,1,1,35.0,-6.0,-2.0,0.14285714285714285,0.2,0.7142857142857143,0.6,53.0,41.8,10.789999999999964,22.789999999999964,1.6,1.6,0.4,0.4,59.6,59.6,26.289999999999964,26.289999999999964,0.7142857142857143,1.0,0.02444132444132444,0.03421785421785421,2.6,2.6,0.04426373626373626,0.04426373626373626,True,False
2021-09-05,Jamaica,Panama,50.0,74.0,0,3,1,-24.0,5.0,-4.0,0.5,0.5,1.5,1.5,29.5,29.5,-9.590000000000146,-9.590000000000146,0.5,0.5,0.75,0.75,36.75,36.75,29.84999999999991,29.84999999999991,0.0,0.0,0.0,0.0,1.75,1.75,0.038290513833992096,0.038290513833992096,True,False
2021-09-08,Costa Rica,Jamaica,44.0,50.0,1,1,2,-6.0,-6.0,5.0,0.125,0.2,0.75,0.6,47.5,41.8,10.789999999999964,26.389999999999873,0.3333333333333333,0.3333333333333333,2.0,2.0,44.333333333333336,44.333333333333336,-9.590000000000146,-9.590000000000146,0.625,1.0,0.021386158886158885,0.03421785421785421,0.0,0.0,0.0,0.0,True,False
2021-09-08,Panama,Mexico,74.0,9.0,1,1,2,65.0,-4.0,-2.0,1.0,1.0,0.6,0.6,39.4,39.4,29.84999999999991,29.84999999999991,1.5,1.6,0.3333333333333333,0.4,57.0,58.4,26.289999999999964,28.730000000000018,2.0,2.0,0.042632411067193676,0.042632411067193676,2.6666666666666665,2.6,0.04825008325008325,0.0459000999000999,True,False
2021-09-09,Colombia,Chile,15.0,20.0,3,1,0,-5.0,0.0,1.0,1.3333333333333333,1.2,1.4666666666666666,1.0,27.733333333333334,31.8,-4.329999999999927,17.00999999999999,0.9285714285714286,0.2,1.0714285714285714,1.0,30.642857142857142,20.8,-21.190000000000055,-11.710000000000036,1.2666666666666666,1.4,0.05963947479450579,0.0779440748952944,1.0714285714285714,0.4,0.04940359492047255,0.02585858585858586,True,False
2021-09-09,Paraguay,Venezuela,33.0,40.0,2,1,0,-7.0,-2.0,10.0,1.1538461538461537,1.2,1.2307692307692308,1.4,27.692307692307693,25.0,22.49000000000001,7.470000000000027,0.5,0.6,1.5833333333333333,1.4,23.833333333333332,24.6,-53.700000000000045,-37.41000000000008,1.1538461538461537,1.0,0.054835335538200296,0.05231968810916179,0.5,0.4,0.031093024211781145,0.01710691823899371,True,False
2021-09-09,Uruguay,Ecuador,13.0,55.0,1,0,0,-42.0,4.0,2.0,1.2307692307692308,1.6,0.9230769230769231,0.6,32.38461538461539,47.0,-10.36999999999989,-4.449999999999818,1.6428571428571428,1.0,1.4285714285714286,1.2,24.928571428571427,18.2,37.25999999999999,-7.75,1.5384615384615385,2.2,0.06634344844720139,0.054291580145238674,1.3571428571428572,1.2,0.10146872583581444,0.10225589225589227,True,False
2021-09-09,Argentina,Bolivia,6.0,82.0,3,0,0,-76.0,-2.0,1.0,1.7142857142857142,2.4,0.6428571428571429,0.6,34.785714285714285,38.4,91.43000000000006,72.48000000000002,1.1428571428571428,0.8,2.357142857142857,2.4,23.5,12.8,-38.059999999999945,-14.169999999999845,2.2857142857142856,2.6,0.1476236678192186,0.24706149545772185,0.42857142857142855,0.2,0.01770497672753312,0.013333333333333332,True,False
2021-09-09,Brazil,Peru,2.0,22.0,2,0,0,-20.0,-1.0,-5.0,2.0714285714285716,0.8,0.35714285714285715,0.4,29.928571428571427,25.4,85.67000000000007,55.01999999999998,1.2,1.4,1.9333333333333333,1.6,22.866666666666667,21.2,-0.8399999999999181,31.279999999999973,2.642857142857143,2.0,0.12167006178355308,0.08757475449630364,1.0666666666666667,1.0,0.03873108024051421,0.036098901098901105,True,False
2021-10-07,Mexico,Canada,9.0,51.0,1,1,2,-42.0,0.0,-8.0,1.4285714285714286,1.8,0.42857142857142855,0.6,59.42857142857143,63.2,26.289999999999964,28.730000000000018,1.5,1.5,1.0,1.0,30.5,30.5,0.0,0.0,2.4285714285714284,2.6,0.043287716144859,0.044602802602802596,1.5,1.5,0.03,0.03,True,False
2021-10-07,Ecuador,Bolivia,52.0,83.0,3,0,0,-31.0,-3.0,1.0,1.5333333333333334,0.6,1.4,1.0,24.133333333333333,15.4,37.25999999999999,-7.75,1.0666666666666667,0.8,2.4,2.8,22.333333333333332,10.2,-38.059999999999945,-14.169999999999845,1.2666666666666666,1.0,0.09470414411342681,0.09484848484848485,0.4,0.2,0.016524644945697577,0.013333333333333332,True,False
2021-10-07,Venezuela,Brazil,49.0,2.0,1,3,1,47.0,9.0,0.0,0.5384615384615384,0.8,1.6153846153846154,1.8,24.53846153846154,28.2,-53.700000000000045,-37.41000000000008,2.066666666666667,1.0,0.3333333333333333,0.2,29.4,19.2,85.67000000000007,55.01999999999998,0.46153846153846156,0.2,0.02870125311856721,0.0037735849056603774,2.6666666666666665,2.4,0.12264963342222529,0.11107389686337055,True,False
2021-10-07,Paraguay,Argentina,35.0,6.0,0,0,2,29.0,2.0,0.0,1.2142857142857142,1.2,1.2142857142857142,1.6,28.571428571428573,29.2,22.49000000000001,7.470000000000027,1.8,2.2,0.6,0.4,37.93333333333333,38.6,91.43000000000006,72.48000000000002,1.2857142857142858,1.0,0.056275668714043124,0.03574074074074074,2.3333333333333335,2.6,0.1402211143548479,0.24697116122104618,True,False
2021-10-07,Peru,Chile,21.0,23.0,2,0,0,-2.0,-1.0,3.0,1.125,0.8,1.9375,1.4,21.5625,14.6,-0.8399999999999181,31.279999999999973,0.9333333333333333,0.2,1.2,1.4,29.6,22.0,-21.190000000000055,-11.710000000000036,1.0,0.8,0.03631038772548206,0.03038461538461539,1.0,0.2,0.04611002192577438,0.0036363636363636364,True,False
2021-10-07,Uruguay,Colombia,12.0,16.0,0,0,2,-4.0,-1.0,1.0,1.2142857142857142,1.4,0.8571428571428571,0.6,34.0,41.8,-10.36999999999989,-4.449999999999818,1.4375,1.8,1.4375,1.2,27.25,34.0,-4.329999999999927,17.00999999999999,1.6428571428571428,2.2,0.0655007345970766,0.05779326364692219,1.375,1.8,0.06528700761984918,0.08572185267307218,True,False
2021-10-10,Jamaica,Canada,59.0,51.0,0,0,2,8.0,9.0,-8.0,0.5,0.5,1.75,1.75,44.25,44.25,-9.590000000000146,-9.590000000000146,1.3333333333333333,1.3333333333333333,1.0,1.0,23.333333333333332,23.333333333333332,75.67000000000007,75.67000000000007,0.25,0.25,0.005681818181818182,0.005681818181818182,1.3333333333333333,1.3333333333333333,0.05703703703703703,0.05703703703703703,True,False
2021-10-10,Bolivia,Peru,83.0,21.0,1,0,0,62.0,1.0,-1.0,1.0,0.8,2.4375,3.0,24.1875,18.8,-40.34999999999991,-16.45999999999981,1.1764705882352942,1.2,1.8235294117647058,1.2,21.647058823529413,18.6,4.779999999999973,36.899999999999864,0.375,0.2,0.01549185463659148,0.013333333333333332,1.1176470588235294,1.4,0.041847116836259336,0.05647157190635451,True,False
2021-10-10,Colombia,Brazil,16.0,2.0,0,0,2,14.0,1.0,0.0,1.3529411764705883,1.6,1.3529411764705883,1.0,26.352941176470587,34.8,-3.599999999999909,17.74000000000001,2.125,1.4,0.375,0.4,30.625,25.2,99.73000000000002,69.07999999999993,1.3529411764705883,1.8,0.0663485561912306,0.07738851933973886,2.6875,2.4,0.11881056194558108,0.09173984745413316,True,False
2021-10-10,Venezuela,Ecuador,49.0,52.0,2,1,0,-3.0,9.0,-3.0,0.5714285714285714,0.6,1.7142857142857142,2.0,22.928571428571427,18.0,-82.8599999999999,-66.56999999999994,1.625,1.0,1.3125,0.8,27.8125,31.4,47.08999999999992,2.0799999999999272,0.42857142857142855,0.0,0.026651163610098123,0.0,1.375,1.4,0.09104417125091593,0.035410733844468786,True,False
2021-10-10,Argentina,Uruguay,6.0,12.0,3,0,0,-6.0,0.0,-1.0,1.6875,1.6,0.5625,0.4,37.75,35.0,102.30999999999995,83.3599999999999,1.1333333333333333,1.2,0.8,0.6,32.8,38.0,0.42000000000007276,6.3400000000001455,2.25,2.2,0.1332430089933842,0.24136469221835077,1.6,1.8,0.06530068562393816,0.05315040650406504,True,False
2021-10-10,Chile,Paraguay,23.0,35.0,2,0,0,-12.0,3.0,2.0,0.875,0.2,1.25,1.4,29.0625,19.2,-42.47000000000003,-32.99000000000001,1.1333333333333333,1.2,1.1333333333333333,1.4,27.066666666666666,28.6,23.309999999999945,8.289999999999964,0.9375,0.2,0.04322814555541349,0.0036363636363636364,1.2666666666666666,1.2,0.06363506857755136,0.06907407407407407,True,False
2021-10-13,Canada,Panama,51.0,68.0,4,1,0,-17.0,-8.0,-6.0,1.0,1.0,0.75,0.75,32.25,32.25,75.67000000000007,75.67000000000007,1.0,1.0,0.6666666666666666,0.8,34.333333333333336,32.0,29.84999999999991,29.84999999999991,1.25,1.25,0.047015065913371,0.047015065913371,1.8333333333333333,1.6,0.05404552774117991,0.05181115502854633,True,False
2021-10-14,Bolivia,Paraguay,83.0,35.0,4,0,0,48.0,1.0,2.0,1.0,0.8,2.2941176470588234,2.2,24.0,21.4,-40.34999999999991,-2.2899999999999636,1.0625,0.6,1.1875,1.2,26.8125,27.8,23.309999999999945,0.8199999999999363,0.5294117647058824,0.8,0.022983930414270968,0.0419047619047619,1.1875,1.0,0.05965787679145441,0.06166666666666666,True,False
2021-10-14,Colombia,Ecuador,16.0,52.0,0,0,2,-36.0,1.0,-3.0,1.2777777777777777,1.0,1.2777777777777777,0.6,25.0,29.8,-3.599999999999909,0.7300000000000182,1.588235294117647,1.2,1.3529411764705883,0.6,29.058823529411764,39.6,47.08999999999992,9.829999999999927,1.3333333333333333,1.4,0.09044030306949555,0.15516629711751664,1.2941176470588236,1.4,0.08568863176556794,0.035410733844468786,True,False
2021-10-14,Argentina,Peru,6.0,21.0,1,0,0,-15.0,0.0,-1.0,1.7647058823529411,2.0,0.5294117647058824,0.2,36.23529411764706,34.4,102.30999999999995,83.3599999999999,1.1111111111111112,0.8,1.7777777777777777,0.8,25.055555555555557,32.2,4.779999999999973,5.619999999999891,2.2941176470588234,2.6,0.14011106728789105,0.27803135888501745,1.0555555555555556,1.4,0.039522277012022704,0.05647157190635451,True,False
2021-10-14,Brazil,Uruguay,2.0,12.0,4,1,0,-10.0,0.0,-1.0,2.0,1.2,0.35294117647058826,0.4,29.764705882352942,23.0,99.73000000000002,69.07999999999993,1.0625,1.2,0.9375,1.2,31.125,36.2,0.42000000000007276,10.789999999999964,2.588235294117647,2.0,0.1154981759487822,0.08201762523191095,1.5,1.6,0.061219392772442024,0.03981707317073171,True,False
2021-10-14,Chile,Venezuela,23.0,49.0,3,0,0,-26.0,3.0,9.0,0.9411764705882353,0.6,1.1764705882352942,1.2,29.41176470588235,25.6,-42.47000000000003,-21.279999999999973,0.6666666666666666,1.0,1.6666666666666667,2.0,24.866666666666667,23.0,-82.8599999999999,-29.159999999999854,1.0588235294117647,0.8,0.04572733027064127,0.02077922077922078,0.6,0.6,0.028720573215578762,0.011538461538461539,True,False
2021-10-27,Mexico,Ecuador,9.0,55.0,2,3,1,-46.0,0.0,3.0,1.375,1.4,0.5,0.8,58.375,57.8,34.190000000000055,36.63000000000011,1.5,0.8,1.2777777777777777,0.6,28.333333333333332,36.2,47.08999999999992,9.829999999999927,2.25,2.2,0.04032773201890849,0.0408320635379459,1.2777777777777777,1.0,0.08440037444525862,0.029728915662650603,False,True
2021-11-11,Ecuador,Venezuela,55.0,50.0,1,0,0,5.0,3.0,1.0,1.5789473684210527,1.4,1.3157894736842106,1.0,27.31578947368421,34.0,48.930000000000064,11.670000000000073,0.625,0.8,1.75,2.0,24.75,26.4,-82.8599999999999,-29.159999999999854,1.368421052631579,1.4,0.09750210912357835,0.08639558232931727,0.5625,0.6,0.02692553738960509,0.011538461538461539,True,False
2021-11-11,Paraguay,Chile,38.0,21.0,0,1,1,17.0,3.0,-2.0,1.0,0.6,1.3529411764705883,1.6,30.11764705882353,33.4,23.309999999999945,0.8199999999999363,1.0555555555555556,1.2,1.1111111111111112,1.0,30.5,35.0,-42.47000000000003,-21.279999999999973,1.1176470588235294,1.0,0.05614858992136885,0.06166666666666666,1.1666666666666667,1.4,0.0465882835776011,0.033024118738404454,True,False
2021-11-11,Peru,Bolivia,24.0,78.0,3,0,0,-54.0,3.0,-5.0,1.0526315789473684,0.6,1.736842105263158,0.8,24.05263157894737,30.8,4.779999999999973,5.619999999999891,1.1666666666666667,1.4,2.1666666666666665,2.0,24.61111111111111,25.4,-40.34999999999991,-2.2899999999999636,1.0,1.2,0.037442157169284666,0.041086956521739125,0.6666666666666666,1.2,0.02646895015316068,0.045714285714285714,True,False
2021-11-11,Brazil,Colombia,2.0,16.0,1,0,0,-14.0,0.0,0.0,2.111111111111111,2.0,0.3888888888888889,0.4,28.77777777777778,23.8,99.73000000000002,14.059999999999945,1.2105263157894737,0.8,1.2105263157894737,0.4,26.42105263157895,23.8,-3.599999999999909,0.7300000000000182,2.611111111111111,2.6,0.1229704995071832,0.13201762523191093,1.3157894736842106,1.4,0.08669243286745734,0.1565734265734266,True,False
2021-11-12,Canada,Costa Rica,48.0,45.0,1,0,0,3.0,-3.0,1.0,1.6,1.6,0.8,0.8,39.4,39.4,75.67000000000007,75.67000000000007,0.2222222222222222,0.4,0.7777777777777778,0.8,47.77777777777778,49.6,10.789999999999964,26.389999999999873,1.6,1.6,0.046435582142461504,0.046435582142461504,0.6666666666666666,1.0,0.021232141232141233,0.020036036036036035,True,False
2021-11-12,Uruguay,Argentina,15.0,6.0,0,1,1,9.0,3.0,0.0,1.0588235294117647,1.2,1.1176470588235294,1.8,29.41176470588235,32.2,0.42000000000007276,10.789999999999964,1.7222222222222223,2.0,0.5,0.2,35.388888888888886,38.0,102.30999999999995,10.879999999999882,1.411764705882353,1.4,0.057618252021121905,0.030726164079822614,2.3333333333333335,2.6,0.14026362704173836,0.10660278745644598,True,False
2021-11-16,Canada,Mexico,48.0,9.0,2,1,0,39.0,-3.0,0.0,1.5,1.4,0.6666666666666666,0.8,40.333333333333336,38.4,91.77999999999997,91.77999999999997,1.4444444444444444,1.4,0.7777777777777778,1.2,58.0,54.8,40.92000000000007,14.63000000000011,1.8333333333333333,1.6,0.049807429563162364,0.047768915475794836,2.0,1.6,0.035846872905696436,0.03226063496651732,True,False
2021-11-16,Bolivia,Uruguay,78.0,15.0,3,0,0,63.0,-5.0,3.0,1.105263157894737,1.0,2.210526315789474,1.8,24.57894736842105,27.6,-14.25,23.809999999999945,1.0,0.4,1.1111111111111112,1.6,28.11111111111111,17.0,-19.329999999999927,-8.960000000000036,0.631578947368421,1.2,0.025075847513520644,0.045714285714285714,1.3333333333333333,0.8,0.054417238019948466,0.023409090909090907,True,False
2021-11-16,Venezuela,Peru,50.0,24.0,1,2,1,26.0,1.0,3.0,0.5882352941176471,0.8,1.7058823529411764,2.0,26.529411764705884,33.0,-85.49000000000001,-31.789999999999964,1.15,1.0,1.65,0.8,26.75,38.4,-9.940000000000055,-9.100000000000136,0.5294117647058824,0.6,0.025341682249040084,0.011538461538461539,1.1,1.2,0.03749312623389736,0.033779264214046825,True,False
2021-11-16,Colombia,Paraguay,16.0,38.0,0,0,2,-22.0,0.0,3.0,1.15,0.6,1.2,0.4,25.2,17.6,-3.240000000000009,1.0899999999999181,0.9444444444444444,0.4,1.3333333333333333,1.6,29.61111111111111,34.6,0.2799999999999727,-22.210000000000036,1.25,1.2,0.08235781122408448,0.15051282051282053,1.0555555555555556,0.8,0.05302922381462613,0.048333333333333325,True,False
2021-11-16,Argentina,Brazil,6.0,2.0,0,0,2,4.0,0.0,0.0,1.6842105263157894,1.6,0.47368421052631576,0.0,34.31578947368421,33.0,115.78999999999996,24.3599999999999,2.0526315789473686,2.0,0.3684210526315789,0.4,28.105263157894736,23.0,108.3599999999999,22.689999999999827,2.3684210526315788,2.6,0.14340764667112055,0.131602787456446,2.6315789473684212,2.6,0.12636678900680512,0.13951762523191094,True,False
2021-11-16,Chile,Ecuador,21.0,55.0,0,2,1,-34.0,-2.0,3.0,1.0526315789473684,1.4,1.0526315789473684,1.0,30.894736842105264,31.6,-32.74000000000001,-11.549999999999955,1.55,1.6,1.25,0.8,28.45,41.4,48.930000000000064,1.8400000000001455,1.263157894736842,1.8,0.04829139330620382,0.04517722878625134,1.45,2.0,0.09562700366739943,0.09839558232931726,True,False
2021-12-08,Mexico,Chile,14.0,24.0,2,2,2,-10.0,5.0,3.0,1.4,1.2,0.9,1.4,57.0,54.4,40.92000000000007,14.63000000000011,1.0,1.2,1.1,0.8,32.1,39.6,-32.74000000000001,9.730000000000018,1.8,1.0,0.032262185615126796,0.020260634966517317,1.2,1.8,0.04587682364089363,0.04517722878625134,False,True
2022-01-16,Peru,Panama,22.0,63.0,1,1,2,-41.0,0.0,0.0,1.1904761904761905,1.4,1.619047619047619,0.6,27.857142857142858,48.0,-9.940000000000055,-14.720000000000027,1.0,1.0,1.1428571428571428,1.6,36.714285714285715,33.0,53.76999999999998,36.799999999999955,1.1904761904761905,1.8,0.038564882127521294,0.04577926421404682,1.5714285714285714,1.0,0.0463247380638685,0.03876767676767677,False,True
2022-01-20,Peru,Jamaica,22.0,57.0,3,0,0,-35.0,0.0,0.0,1.1818181818181819,1.2,1.5909090909090908,0.8,29.454545454545453,56.0,7.150000000000091,2.3700000000001182,0.4,0.4,1.4,1.4,45.6,45.6,-30.25999999999999,-30.25999999999999,1.1818181818181819,1.4,0.03753343366140741,0.022866910866910867,0.4,0.4,0.008467023172905526,0.008467023172905526,False,True
2022-01-27,Jamaica,Mexico,57.0,14.0,1,2,1,43.0,0.0,0.0,0.3333333333333333,0.4,1.6666666666666667,1.8,41.666666666666664,40.0,-20.519999999999982,-10.929999999999836,1.4545454545454546,1.4,1.0,1.8,54.0,50.4,6.759999999999991,-19.529999999999973,0.3333333333333333,0.4,0.007055852644087938,0.008467023172905526,1.7272727272727273,0.6,0.033117138437994055,0.014957604663487018,True,False
2022-01-27,Costa Rica,Panama,49.0,63.0,1,0,0,-14.0,0.0,0.0,0.2,0.2,0.8,1.0,47.8,50.2,0.6099999999999,16.20999999999981,1.0,1.2,1.125,1.2,34.875,35.2,74.33999999999992,44.49000000000001,0.6,0.4,0.019108927108927108,0.006702702702702704,1.5,1.2,0.04621596398770312,0.047858585858585864,True,False
2022-01-27,Ecuador,Brazil,46.0,2.0,1,1,2,44.0,0.0,0.0,1.5714285714285714,1.4,1.1904761904761905,0.8,28.095238095238095,29.0,48.930000000000064,1.8400000000001455,1.95,1.6,0.35,0.4,27.0,19.8,108.3599999999999,8.629999999999882,1.5238095238095237,2.0,0.09787605791453007,0.11973809523809523,2.55,2.2,0.1283817828897982,0.14557823129251699,True,False
2022-01-27,Paraguay,Uruguay,43.0,17.0,0,1,1,26.0,0.0,0.0,0.8947368421052632,0.0,1.263157894736842,1.4,28.894736842105264,29.8,0.2799999999999727,-23.029999999999973,0.9473684210526315,0.2,1.2105263157894737,2.2,30.736842105263158,21.6,-19.329999999999927,-19.75,1.0526315789473684,0.4,0.0535276857191195,0.04583333333333333,1.263157894736842,0.2,0.05155317286100381,0.0125,True,False
2022-01-27,Chile,Argentina,24.0,5.0,1,2,1,19.0,0.0,0.0,1.0476190476190477,1.6,1.1428571428571428,0.8,31.238095238095237,38.2,-37.67000000000007,4.7999999999999545,1.6,1.0,0.45,0.0,32.7,17.0,115.78999999999996,13.480000000000018,1.1904761904761905,2.0,0.04709357353554495,0.059462943071965625,2.3,2.2,0.16123726433756452,0.22428571428571425,True,False
2022-01-28,Colombia,Peru,16.0,22.0,0,1,1,-6.0,0.0,0.0,1.0952380952380953,0.0,1.1428571428571428,0.2,25.80952380952381,21.2,-3.240000000000009,0.35999999999989996,1.2608695652173914,1.8,1.5217391304347827,0.6,30.652173913043477,50.8,7.150000000000091,2.3700000000001182,1.2380952380952381,0.8,0.07968914352168446,0.12577597840755736,1.2608695652173914,2.0,0.03818987476079702,0.03339322665638455,True,False
2022-01-28,Venezuela,Bolivia,59.0,77.0,4,1,0,-18.0,0.0,0.0,0.6111111111111112,0.8,1.7222222222222223,2.0,26.38888888888889,31.2,-85.49000000000001,-2.630000000000109,1.2,1.6,2.1,1.2,24.1,29.4,-14.25,26.09999999999991,0.5,0.6,0.023933811012982302,0.011538461538461539,0.75,1.8,0.033822055137844614,0.08571428571428572,True,False
2022-01-30,Mexico,Costa Rica,14.0,49.0,0,0,2,-35.0,0.0,0.0,1.5,1.6,1.0,1.8,54.25,47.0,6.2999999999999545,-27.8900000000001,0.2727272727272727,0.4,0.7272727272727273,0.6,49.18181818181818,48.8,-1.5699999999999363,-12.3599999999999,1.8333333333333333,1.0,0.03474334181377526,0.022781217750257994,0.8181818181818182,1.0,0.021700756246210793,0.016226512226512228,True,False
2022-01-30,Panama,Jamaica,63.0,57.0,3,2,0,6.0,0.0,0.0,0.8888888888888888,1.2,1.1111111111111112,1.4,36.44444444444444,36.2,74.33999999999992,44.49000000000001,0.42857142857142855,0.4,1.7142857142857142,1.8,37.714285714285715,41.0,-20.519999999999982,-10.929999999999836,1.3333333333333333,1.0,0.04108085687795833,0.04331313131313132,0.2857142857142857,0.4,0.006047873694932518,0.008467023172905526,True,False
2022-02-01,Bolivia,Chile,77.0,24.0,2,3,1,53.0,0.0,0.0,1.1904761904761905,1.8,2.1904761904761907,1.4,25.761904761904763,30.8,0.21000000000003638,40.559999999999945,1.0454545454545454,1.4,1.1818181818181819,1.2,30.045454545454547,32.2,-35.57999999999993,6.8900000000001,0.7142857142857143,1.8,0.03221148108366153,0.08571428571428572,1.1363636363636365,1.4,0.044952956556656536,0.042320085929108485,True,False
2022-02-01,Uruguay,Venezuela,17.0,59.0,4,1,0,-42.0,0.0,0.0,0.95,0.4,1.15,2.2,31.35,27.0,-48.33999999999992,-48.75999999999999,0.7894736842105263,1.4,1.6842105263157894,1.6,29.05263157894737,46.2,-107.8599999999999,-25.0,1.35,0.6,0.052463886310976884,0.013953488372093023,0.631578947368421,1.2,0.02472471774709055,0.01933066933066933,True,False
2022-02-01,Argentina,Colombia,5.0,16.0,1,0,0,-11.0,0.0,0.0,1.619047619047619,1.4,0.47619047619047616,0.2,32.285714285714285,14.8,127.50999999999999,25.200000000000045,1.0454545454545454,0.0,1.1363636363636365,0.4,25.636363636363637,23.2,-14.849999999999909,-11.25,2.3333333333333335,2.6,0.15951168032149002,0.24357142857142855,1.1818181818181819,0.6,0.07606690972524426,0.1091093117408907,True,False
2022-02-01,Peru,Ecuador,22.0,46.0,1,1,2,-24.0,0.0,0.0,1.25,2.0,1.4583333333333333,0.4,30.041666666666668,52.8,7.150000000000091,17.090000000000146,1.5454545454545454,1.4,1.1818181818181819,0.6,26.90909090909091,19.6,80.26999999999998,33.180000000000064,1.3333333333333333,2.6,0.04441112997909715,0.07089322665638456,1.5,2.2,0.11615441891841508,0.21973809523809523,True,False
2022-02-01,Brazil,Paraguay,2.0,43.0,4,0,0,-41.0,0.0,0.0,1.9047619047619047,1.2,0.38095238095238093,0.4,27.904761904761905,19.2,114.34999999999991,14.61999999999989,0.85,0.0,1.25,1.6,28.3,32.0,-6.480000000000018,-29.789999999999964,2.4761904761904763,1.8,0.12330356134432127,0.13768115942028986,1.0,0.2,0.05085130143316352,0.0125,True,False
2022-02-02,Jamaica,Costa Rica,57.0,49.0,0,1,1,8.0,0.0,0.0,0.625,0.8,1.875,1.8,40.875,38.8,-20.519999999999982,-10.929999999999836,0.25,0.4,0.6666666666666666,0.6,46.25,36.8,-1.5699999999999363,-12.3599999999999,0.25,0.4,0.005291889483065954,0.008467023172905526,0.8333333333333334,1.0,0.025844740844740848,0.027809523809523805,True,False
2022-02-02,Mexico,Panama,14.0,63.0,1,0,0,-49.0,0.0,0.0,1.3846153846153846,1.4,0.9230769230769231,1.6,53.84615384615385,46.6,6.2999999999999545,-34.62000000000012,1.1,1.2,1.2,1.8,38.5,37.6,74.33999999999992,44.49000000000001,1.7692307692307692,1.0,0.03364063577158532,0.02294128177586824,1.5,1.0,0.042235929084899336,0.041839447102604996,True,False
2022-03-24,Costa Rica,Canada,42.0,33.0,1,0,0,9.0,-7.0,-7.0,0.3076923076923077,0.6,0.6153846153846154,0.4,47.07692307692308,46.4,-1.5699999999999363,-12.3599999999999,1.5714285714285714,1.6,0.7142857142857143,0.6,35.857142857142854,38.0,91.77999999999997,16.1099999999999,1.0,1.6,0.027905266852635273,0.03833583959899749,2.0,2.2,0.09031113010175822,0.1144355821424615,True,False
2022-03-24,Colombia,Bolivia,19.0,76.0,3,0,0,-57.0,3.0,-1.0,1.0,0.0,1.1304347826086956,0.6,24.73913043478261,23.8,-14.849999999999909,-11.25,1.2272727272727273,2.0,2.227272727272727,2.0,25.681818181818183,31.4,0.21000000000003638,40.559999999999945,1.1304347826086956,0.4,0.07275965278066841,0.009109311740890687,0.6818181818181818,1.2,0.030747322852586013,0.05714285714285714,True,False
2022-03-24,Brazil,Chile,2.0,26.0,4,0,0,-24.0,0.0,2.0,2.0,2.0,0.36363636363636365,0.4,28.59090909090909,24.6,114.34999999999991,14.61999999999989,1.1304347826086956,1.4,1.2173913043478262,1.6,32.08695652173913,37.8,-35.57999999999993,-2.839999999999918,2.5,2.2,0.12087010136778234,0.13913464779238288,1.2173913043478262,1.4,0.04469243840032535,0.037867395762132605,True,False
2022-03-24,Paraguay,Ecuador,50.0,44.0,3,1,0,6.0,7.0,-2.0,0.8095238095238095,0.0,1.380952380952381,2.0,27.047619047619047,27.8,-6.480000000000018,-29.789999999999964,1.5217391304347827,1.6,1.173913043478261,0.8,26.695652173913043,20.8,80.26999999999998,31.339999999999918,0.9523809523809523,0.2,0.048429810888727165,0.0125,1.4782608695652173,2.2,0.1130805113765077,0.21632900432900432,True,False
2022-03-24,Uruguay,Peru,16.0,22.0,1,0,0,-6.0,-1.0,0.0,1.0952380952380953,1.2,1.1428571428571428,1.8,32.666666666666664,37.6,-48.33999999999992,-48.75999999999999,1.24,1.6,1.44,0.6,30.68,46.4,7.150000000000091,17.090000000000146,1.4285714285714286,1.2,0.052386913516507434,0.02412297989751675,1.32,2.2,0.04350424999732455,0.06754874505103338,True,False
2022-03-25,Argentina,Venezuela,4.0,58.0,3,0,0,-54.0,-1.0,-1.0,1.5909090909090908,1.0,0.45454545454545453,0.2,31.545454545454547,15.6,127.50999999999999,25.200000000000045,0.8,1.2,1.8,2.2,28.45,39.2,-107.8599999999999,-25.0,2.3636363636363638,2.6,0.16078387667051322,0.23107142857142854,0.6,0.6,0.02348848185973602,0.007792207792207792,True,False
2022-03-27,Canada,Jamaica,33.0,62.0,4,0,0,-29.0,-7.0,5.0,1.375,1.4,0.75,0.6,36.625,44.6,157.26,81.58999999999992,0.5555555555555556,0.6,1.7777777777777777,1.8,41.77777777777778,39.8,-20.519999999999982,9.740000000000009,1.75,2.0,0.07902223883903844,0.09221335992023928,0.2222222222222222,0.2,0.0047039017627252926,0.00392156862745098,True,False
2022-03-29,Ecuador,Argentina,44.0,4.0,1,1,2,40.0,-2.0,-1.0,1.5,1.2,1.25,1.0,27.666666666666668,29.0,90.63000000000011,41.700000000000045,1.6521739130434783,1.4,0.43478260869565216,0.2,32.69565217391305,23.0,143.99,28.200000000000045,1.4166666666666667,1.6,0.10836882340248655,0.14966233766233766,2.391304347826087,2.6,0.15604214889923151,0.21284482758620688,True,False
2022-03-29,Peru,Paraguay,22.0,50.0,2,0,0,-28.0,0.0,7.0,1.1923076923076923,1.2,1.4230769230769231,0.6,30.115384615384617,39.6,19.450000000000045,12.299999999999955,0.9090909090909091,0.6,1.3636363636363635,1.4,27.818181818181817,20.0,-20.470000000000027,-20.75,1.2692307692307692,1.6,0.04183100961281208,0.055548745051033376,1.0454545454545454,0.8,0.04932762940204948,0.026136363636363635,True,False
2022-03-29,Bolivia,Brazil,76.0,2.0,0,4,1,74.0,-1.0,0.0,1.173913043478261,1.2,2.260869565217391,2.6,25.391304347826086,28.2,-15.88000000000011,-1.6300000000001091,2.0869565217391304,2.0,0.34782608695652173,0.2,28.47826086956522,27.4,111.42000000000007,3.060000000000173,0.6521739130434783,0.6,0.02941048272856053,0.04,2.5217391304347827,2.2,0.12063160197720989,0.11221157086930596,True,False
2022-03-29,Venezuela,Colombia,58.0,19.0,0,1,1,39.0,-1.0,3.0,0.7619047619047619,1.2,1.8571428571428572,2.2,27.285714285714285,35.4,-105.54999999999995,-20.059999999999945,1.0833333333333333,0.6,1.0833333333333333,0.6,26.875,28.6,-36.1099999999999,-32.86999999999989,0.5714285714285714,0.6,0.022369982723558116,0.007792207792207792,1.2083333333333333,0.8,0.07137273742357916,0.013157894736842105,True,False
2022-03-29,Chile,Uruguay,26.0,16.0,0,2,1,10.0,2.0,-1.0,1.0833333333333333,1.2,1.3333333333333333,2.4,30.833333333333332,30.6,-35.83999999999992,-3.099999999999909,1.0909090909090908,1.2,1.0909090909090908,1.0,32.18181818181818,41.6,-30.950000000000045,-11.620000000000118,1.1666666666666667,0.8,0.04283025346697846,0.02207792207792208,1.5,1.8,0.056204037282286026,0.05139570717024402,True,False
2022-03-30,Panama,Canada,63.0,33.0,1,0,0,30.0,0.0,-7.0,1.0,1.0,1.1818181818181819,1.8,36.27272727272727,38.6,74.33999999999992,20.569999999999936,1.6666666666666667,2.2,0.6666666666666666,0.6,39.44444444444444,45.2,157.26,81.58999999999992,1.3636363636363635,0.8,0.03839629916809031,0.019617224880382776,1.8888888888888888,2.4,0.07561833416516678,0.09850094876660341,True,False
2022-06-02,Panama,Costa Rica,61.0,31.0,2,0,0,30.0,-2.0,-11.0,1.0,1.0,1.0833333333333333,1.0,36.0,35.0,70.55999999999995,-3.7799999999999727,0.35714285714285715,0.6,0.5714285714285714,0.2,46.07142857142857,43.0,25.059999999999945,24.450000000000045,1.5,1.4,0.04277236514650703,0.03779904306220096,1.1428571428571428,2.0,0.03240553999952496,0.05251765778081567,True,False
2022-06-02,Mexico,Uruguay,9.0,13.0,0,3,1,-4.0,-3.0,-3.0,1.3571428571428572,1.2,0.8571428571428571,1.0,54.5,48.2,6.2999999999999545,-34.62000000000012,1.1304347826086956,1.6,1.0434782608695652,0.8,31.91304347826087,45.6,-30.950000000000045,-11.620000000000118,1.8571428571428572,1.6,0.03463909376068977,0.03246509129967776,1.565217391304348,2.4,0.05877710589543078,0.0744726302471671,False,True
2022-06-05,Mexico,Ecuador,9.0,46.0,0,0,2,-37.0,-3.0,2.0,1.2666666666666666,1.0,1.0,1.2,51.733333333333334,41.2,26.819999999999936,20.059999999999945,1.48,1.2,1.24,1.2,26.72,19.8,90.63000000000011,41.700000000000045,1.7333333333333334,1.6,0.03232982084331045,0.03246509129967776,1.4,1.2,0.11403407046638707,0.18766233766233764,False,True
2022-06-11,Uruguay,Panama,13.0,61.0,5,0,0,-48.0,-3.0,-2.0,1.2083333333333333,2.2,1.0,0.2,30.958333333333332,31.8,-9.269999999999982,39.069999999999936,1.0769230769230769,1.2,1.0,0.8,35.61538461538461,36.8,77.78999999999996,3.4500000000000455,1.625,3.0,0.07021694870534338,0.14113929691383376,1.6153846153846154,1.8,0.04692635194665164,0.04806297268096928,False,True
2022-06-14,Jamaica,Mexico,64.0,9.0,1,1,2,55.0,2.0,-3.0,0.5,0.6,2.0,2.6,40.9,36.2,-54.0300000000002,-33.51000000000022,1.1875,0.6,0.9375,0.8,51.375,45.6,26.819999999999936,20.519999999999982,0.2,0.0,0.004233511586452763,0.0,1.6875,1.6,0.03166790269277746,0.028479584053300956,True,False
2022-08-31,Mexico,Paraguay,12.0,50.0,0,1,1,-38.0,0.0,0.0,1.1764705882352942,0.4,0.9411764705882353,0.8,52.11764705882353,47.0,26.819999999999936,20.519999999999982,0.8695652173913043,0.6,1.391304347826087,1.6,27.565217391304348,20.2,-20.470000000000027,-20.75,1.6470588235294117,1.2,0.030724202534378783,0.02107826826382727,1.0,0.8,0.047182949862829934,0.026136363636363635,False,True
2022-09-24,Mexico,Peru,12.0,21.0,1,0,0,-9.0,0.0,0.0,1.1111111111111112,0.4,0.9444444444444444,1.0,52.0,47.2,17.569999999999936,11.269999999999982,1.2222222222222223,1.4,1.3703703703703705,0.4,30.85185185185185,37.0,19.450000000000045,12.299999999999955,1.5555555555555556,1.0,0.029017302393579962,0.016996635610766045,1.3333333333333333,2.0,0.042503935182707925,0.0643741418764302,False,True
2022-09-27,Argentina,Jamaica,3.0,62.0,3,0,0,-59.0,0.0,0.0,1.625,1.4,0.4583333333333333,0.4,33.166666666666664,28.8,143.99,28.200000000000045,0.5454545454545454,0.8,1.9090909090909092,2.2,38.0,33.6,-53.90000000000009,-33.38000000000011,2.3333333333333335,2.2,0.1504873623920666,0.17739028213166144,0.2727272727272727,0.2,0.013949656997785338,0.02222222222222222,False,True
2022-09-27,Canada,Uruguay,43.0,13.0,0,2,1,30.0,0.0,0.0,1.5,1.4,0.7,0.6,41.8,44.2,157.26,65.48000000000002,1.36,3.0,0.96,0.2,32.16,35.4,-9.269999999999982,39.069999999999936,1.7,1.8,0.0680565007486501,0.08967741935483871,1.68,3.0,0.06937548387188375,0.13702187411551123,False,True
2022-09-27,Mexico,Colombia,12.0,17.0,2,3,1,-5.0,0.0,0.0,1.105263157894737,0.4,0.8947368421052632,1.0,50.36842105263158,38.8,17.569999999999936,-9.25,1.08,0.8,1.04,0.4,28.12,39.8,-36.1099999999999,-32.86999999999989,1.631578947368421,1.0,0.0350088729442938,0.03604425465838509,1.28,1.4,0.07058679344387737,0.023502722323049,False,True
2022-11-15,Venezuela,Panama,57.0,60.0,2,2,2,-3.0,1.0,-1.0,0.7272727272727273,1.2,1.8181818181818181,2.2,26.90909090909091,28.2,-105.54999999999995,-20.059999999999945,1.0,1.2,1.2857142857142858,1.6,34.0,29.6,77.78999999999996,3.4500000000000455,0.5454545454545454,0.6,0.021353165327032745,0.007792207792207792,1.5,1.8,0.04357446966474795,0.04806297268096928,False,True
2022-11-16,Peru,Paraguay,23.0,47.0,1,0,0,-24.0,2.0,-3.0,1.1785714285714286,0.8,1.3571428571428572,0.6,30.178571428571427,28.0,18.24000000000001,11.089999999999918,0.875,0.8,1.3333333333333333,1.6,26.916666666666668,19.4,-20.86999999999989,-14.389999999999873,1.2857142857142858,1.4,0.04098593749761121,0.05384782608695652,1.0833333333333333,1.2,0.05563366028521203,0.06363636363636363,False,True
2022-11-19,Colombia,Paraguay,17.0,47.0,2,0,0,-30.0,0.0,-3.0,1.1538461538461537,1.4,1.0769230769230769,0.8,27.5,34.6,-17.930000000000064,-3.0800000000001546,0.84,0.8,1.32,1.6,26.76,20.6,-12.230000000000018,-5.75,1.3461538461538463,1.8,0.07748730138834363,0.06823956442831217,1.04,1.2,0.05340831387380354,0.06363636363636363,False,True
2022-11-19,Peru,Bolivia,23.0,82.0,1,0,0,-59.0,2.0,1.0,1.1724137931034482,0.8,1.3103448275862069,0.6,30.75862068965517,34.2,17.00999999999999,9.8599999999999,1.125,1.2,2.3333333333333335,2.8,24.416666666666668,23.8,-15.88000000000011,-1.6300000000001091,1.3448275862068966,1.4,0.041773656454039874,0.02911378353376503,0.625,0.6,0.028185045948203844,0.04,False,True
2022-11-26,Argentina,Mexico,3.0,13.0,2,0,0,-10.0,0.0,1.0,1.68,2.0,0.44,0.4,34.32,40.8,147.6500000000001,20.1400000000001,1.15,0.8,1.0,1.0,48.7,39.6,17.569999999999936,-9.25,2.36,2.6,0.14640335176735164,0.08706770148650014,1.55,1.0,0.0332584292970791,0.03604425465838509,True,False
2023-03-23,Argentina,Panama,2.0,61.0,2,0,0,-59.0,-1.0,1.0,1.6923076923076923,2.0,0.4230769230769231,0.2,33.5,38.6,150.8800000000001,23.37000000000012,1.0666666666666667,1.0,1.3333333333333333,1.6,35.53333333333333,29.6,88.27999999999997,13.940000000000055,2.3846153846153846,2.6,0.14964819326742393,0.1082215476403463,1.4666666666666666,1.4,0.04183909566370627,0.04104542882132016,False,True
2023-03-26,Mexico,Jamaica,15.0,64.0,2,2,2,-49.0,2.0,0.0,1.0952380952380953,0.8,1.0476190476190477,1.4,46.523809523809526,31.0,12.8900000000001,-13.929999999999836,0.5,0.6,2.0,2.4,35.083333333333336,31.4,-50.590000000000146,-30.070000000000164,1.4761904761904763,0.8,0.031674694568646765,0.03169642857142857,0.25,0.2,0.012787185581303227,0.02222222222222222,True,False
2023-03-27,Chile,Paraguay,31.0,46.0,3,2,0,-15.0,2.0,-1.0,1.04,1.2,1.36,2.4,30.24,22.8,-35.83999999999992,1.8300000000001546,0.8076923076923077,0.8,1.3461538461538463,1.2,26.384615384615383,23.6,-12.230000000000018,8.240000000000009,1.12,0.8,0.041117043328299324,0.02207792207792208,1.0,1.2,0.05135414795558034,0.06363636363636363,False,True
2023-03-28,Costa Rica,Panama,32.0,61.0,0,1,1,-29.0,1.0,1.0,0.3333333333333333,0.6,0.6666666666666666,0.4,47.06666666666667,45.6,64.08999999999992,65.65999999999985,1.0,1.0,1.375,1.8,33.4375,27.2,86.70000000000005,16.1400000000001,1.0666666666666667,2.0,0.030245170666223297,0.05251765778081567,1.375,1.4,0.03922415218472464,0.04104542882132016,True,False
2023-06-15,Panama,Canada,58.0,47.0,0,2,1,11.0,-3.0,-6.0,1.0,1.0,1.2941176470588236,1.8,33.35294117647059,27.0,86.70000000000005,8.910000000000082,1.3636363636363635,1.2,0.8181818181818182,1.0,39.18181818181818,37.8,133.26,41.48000000000002,1.4705882352941178,1.4,0.042431554997387884,0.04161361063950198,1.5454545454545454,1.2,0.06186954613513646,0.07634408602150537,True,False
2023-06-17,Ecuador,Bolivia,41.0,83.0,1,0,0,-42.0,0.0,1.0,1.4230769230769231,0.8,1.1923076923076923,1.2,26.03846153846154,17.4,84.63000000000011,4.360000000000127,1.08,0.6,2.28,3.0,24.36,25.4,-27.720000000000027,-27.930000000000064,1.3846153846153846,0.8,0.11392164895272261,0.18131313131313131,0.6,0.0,0.027057644110275687,0.0,False,True
2023-06-18,Panama,Mexico,58.0,15.0,0,1,1,43.0,-3.0,0.0,0.9444444444444444,0.6,1.3333333333333333,2.2,34.111111111111114,30.2,94.23000000000002,16.440000000000055,1.1363636363636365,1.0,1.0909090909090908,1.6,47.31818181818182,31.0,3.7799999999999727,-13.789999999999964,1.3888888888888888,0.8,0.0400742463864219,0.02225877192982456,1.4545454545454546,0.8,0.030945162997344643,0.03169642857142857,True,False
2023-06-20,Bolivia,Chile,83.0,31.0,0,0,2,52.0,1.0,0.0,1.0384615384615385,0.4,2.230769230769231,2.4,25.0,21.8,-27.579999999999927,-27.789999999999964,1.1153846153846154,1.4,1.3846153846153846,2.4,30.846153846153847,29.2,-72.08999999999992,-36.50999999999999,0.5769230769230769,0.0,0.026016965490649697,0.0,1.1923076923076923,1.2,0.042043979788916566,0.020835686053077358,False,True
2023-06-20,Ecuador,Costa Rica,41.0,39.0,3,1,0,2.0,0.0,7.0,1.4074074074074074,0.8,1.1481481481481481,1.0,28.14814814814815,33.6,110.13000000000011,29.860000000000127,0.3125,0.4,0.6875,0.6,47.9375,45.2,61.180000000000064,62.75,1.4444444444444444,1.2,0.11104101670681635,0.08854204697578191,1.0,1.4,0.02835484749958434,0.042993848257006154,False,True
2023-06-26,Costa Rica,Panama,39.0,58.0,1,2,1,-19.0,7.0,-3.0,0.35294117647058826,0.6,0.8235294117647058,1.2,47.529411764705884,50.6,52.11999999999989,53.68999999999983,0.8947368421052632,0.6,1.3157894736842106,1.4,33.10526315789474,30.6,94.23000000000002,5.9500000000000455,0.9411764705882353,1.2,0.026686915293726438,0.028708133971291867,1.3157894736842106,0.8,0.03796507552397863,0.02225877192982456,True,False
2023-07-08,Mexico,Costa Rica,14.0,42.0,2,0,0,-28.0,-1.0,3.0,1.1304347826086956,1.2,1.0434782608695652,1.4,47.78260869565217,32.6,-0.13000000000010914,-17.700000000000045,0.3888888888888889,0.6,0.8888888888888888,1.6,48.111111111111114,50.8,52.11999999999989,27.059999999999945,1.5217391304347827,1.4,0.031848596690113765,0.042041256157635466,0.8888888888888888,0.6,0.025204308888519416,0.01818181818181818,True,False
2023-07-12,Jamaica,Mexico,63.0,14.0,0,3,1,49.0,0.0,-1.0,0.6153846153846154,0.6,2.0,2.2,33.53846153846154,21.8,-53.36000000000013,-32.840000000000146,1.1666666666666667,1.4,1.0,1.4,47.541666666666664,36.8,7.190000000000055,-10.379999999999882,0.3076923076923077,0.4,0.016931761049408106,0.03555555555555555,1.5833333333333333,1.4,0.03349776230421617,0.02775554187192118,True,False
2023-07-16,Mexico,Panama,14.0,57.0,1,0,0,-43.0,-1.0,-1.0,1.24,1.6,0.96,0.8,48.16,46.0,7.190000000000055,-5.7000000000000455,0.95,0.6,1.3,1.2,33.4,27.0,94.23000000000002,7.529999999999973,1.64,2.0,0.03406261371680943,0.0372793513957307,1.4,1.2,0.03991297559393355,0.03413461538461539,True,False
2023-08-27,Bolivia,Panama,83.0,45.0,1,2,1,38.0,0.0,-12.0,1.0,0.0,2.1481481481481484,1.8,25.22222222222222,23.2,-27.579999999999927,-11.699999999999818,0.9047619047619048,0.6,1.2857142857142858,1.0,32.476190476190474,29.4,94.23000000000002,7.529999999999973,0.5925925925925926,0.2,0.026248117306408195,0.0064516129032258064,1.3333333333333333,1.2,0.038012357708508145,0.03413461538461539,False,True
2023-09-07,Colombia,Venezuela,17.0,57.0,1,0,0,-40.0,0.0,1.0,1.1851851851851851,1.8,1.037037037037037,0.6,28.22222222222222,39.6,-10.960000000000036,3.8899999999998727,0.782608695652174,1.4,1.826086956521739,2.2,28.347826086956523,35.4,-112.63000000000011,-4.770000000000209,1.4074074074074074,2.4,0.07698146753077692,0.08100552187512067,0.5652173913043478,0.8,0.021149404515712483,0.011125541125541125,True,False
2023-09-07,Paraguay,Peru,49.0,21.0,0,0,2,28.0,1.0,0.0,0.8518518518518519,0.6,1.4074074074074074,1.6,26.555555555555557,21.0,-15.940000000000055,4.529999999999973,1.1666666666666667,0.8,1.2666666666666666,0.4,32.46666666666667,41.4,17.00999999999999,-2.4400000000000546,0.9629629629629629,0.6,0.049452142475744025,0.05,1.4,1.8,0.04160071343402717,0.03208303061754021,True,False
2023-09-07,Argentina,Ecuador,1.0,40.0,1,0,0,-39.0,0.0,0.0,1.7037037037037037,2.2,0.4074074074074074,0.2,34.51851851851852,47.6,215.3800000000001,71.3900000000001,1.4642857142857142,1.2,1.1428571428571428,1.0,28.535714285714285,37.0,110.13000000000011,19.5,2.4074074074074074,2.6,0.14592716121562496,0.0805576132141168,1.5,1.6,0.10982251885739706,0.0948357532694882,True,False
2023-09-08,Uruguay,Chile,16.0,32.0,3,1,0,-16.0,0.0,0.0,1.3846153846153846,2.6,0.9230769230769231,0.0,32.57692307692308,32.2,-4.0499999999999545,26.90000000000009,1.0740740740740742,1.2,1.3333333333333333,2.0,32.77777777777778,44.8,-67.68000000000006,-32.100000000000136,1.7307692307692308,3.0,0.06939055917913688,0.14080587096218053,1.1851851851851851,1.4,0.040933024714182045,0.023245324607294223,True,False
2023-09-08,Brazil,Bolivia,3.0,83.0,5,1,0,-80.0,0.0,0.0,2.1666666666666665,2.6,0.3333333333333333,0.2,30.458333333333332,39.4,111.42000000000007,3.060000000000173,1.0,0.2,2.142857142857143,1.6,25.928571428571427,28.4,-28.910000000000082,-13.029999999999973,2.5416666666666665,2.2,0.11725002207026473,0.08260630771141123,0.5714285714285714,0.2,0.025310684545465045,0.0064516129032258064,True,False
2023-09-12,Bolivia,Argentina,83.0,1.0,0,3,1,82.0,0.0,0.0,1.0,0.4,2.2413793103448274,1.8,25.137931034482758,28.6,-28.910000000000082,-1.1900000000000546,1.6785714285714286,1.8,0.39285714285714285,0.2,34.714285714285715,44.0,220.73000000000002,76.74000000000001,0.5517241379310345,0.2,0.024437902319759355,0.0064516129032258064,2.4285714285714284,2.6,0.1433940483150669,0.0852127856279099,True,False
2023-09-12,Ecuador,Uruguay,40.0,16.0,2,1,0,24.0,0.0,0.0,1.4137931034482758,1.0,1.1379310344827587,0.6,27.586206896551722,27.2,118.47000000000003,27.839999999999918,1.4444444444444444,3.0,0.9259259259259259,0.2,32.55555555555556,34.2,-11.86999999999989,19.080000000000155,1.4482758620689655,1.6,0.1060355354485213,0.0948357532694882,1.7777777777777777,3.0,0.0702927606910207,0.13228314368945326,True,False
2023-09-12,Venezuela,Paraguay,57.0,49.0,1,0,0,8.0,1.0,1.0,0.75,0.6,1.7916666666666667,2.2,27.875,23.4,-99.76999999999998,8.089999999999918,0.8214285714285714,0.6,1.3571428571428572,1.2,26.357142857142858,20.8,-18.3599999999999,2.509999999999991,0.5416666666666666,0.2,0.020268179327557794,0.003333333333333333,0.9642857142857143,0.8,0.04938667480229058,0.05952380952380952,True,False
2023-09-12,Peru,Brazil,21.0,3.0,0,1,1,18.0,0.0,0.0,1.1290322580645162,0.8,1.2258064516129032,0.2,33.0,48.0,17.200000000000045,-2.25,2.28,3.6,0.36,0.4,32.56,54.8,116.26999999999998,1.9200000000000728,1.3870967741935485,2.0,0.040917082783423264,0.03616466327060144,2.56,2.6,0.11400580431998426,0.05650189004072849,True,False
2023-09-12,Chile,Colombia,32.0,17.0,0,0,2,15.0,0.0,0.0,1.0714285714285714,0.8,1.3928571428571428,2.2,32.17857142857143,32.6,-67.69000000000005,-31.850000000000136,1.1785714285714286,2.0,1.0,0.4,29.25,50.0,2.910000000000082,39.01999999999998,1.1428571428571428,0.8,0.039471130974389826,0.015453116815086432,1.4642857142857142,3.0,0.07611182865279806,0.09153183766459436,True,False
2023-10-12,Colombia,Uruguay,16.0,17.0,2,2,2,-1.0,-1.0,1.0,1.1379310344827587,1.4,0.9655172413793104,0.4,29.344827586206897,41.2,2.910000000000082,39.01999999999998,1.4285714285714286,2.8,0.9642857142857143,0.6,32.82142857142857,37.0,-11.86999999999989,-2.599999999999909,1.4482758620689655,2.6,0.07456486904408088,0.08988710082248909,1.7142857142857142,2.4,0.06778230495205567,0.10920622061253019,True,False
2023-10-12,Bolivia,Ecuador,83.0,38.0,1,2,1,45.0,0.0,-2.0,0.9666666666666667,0.4,2.2666666666666666,2.2,24.333333333333332,24.2,-28.910000000000082,-1.3300000000001546,1.4333333333333333,1.2,1.1333333333333333,0.6,27.2,29.6,118.47000000000003,33.83999999999992,0.5333333333333333,0.2,0.023623305575767375,0.0064516129032258064,1.5,2.0,0.10875101760023727,0.08233575326948821,True,False
2023-10-12,Argentina,Paraguay,1.0,52.0,1,0,0,-51.0,0.0,3.0,1.7241379310344827,2.2,0.3793103448275862,0.0,36.37931034482759,51.8,220.73000000000002,73.07999999999993,0.7931034482758621,0.4,1.3448275862068966,1.4,27.413793103448278,29.8,-18.3599999999999,-6.129999999999882,2.4482758620689653,3.0,0.13969579072879748,0.08789624674510596,0.9310344827586207,0.2,0.047683686016004694,0.009523809523809523,True,False
2023-10-12,Brazil,Venezuela,3.0,53.0,1,1,2,-50.0,0.0,-4.0,2.230769230769231,3.6,0.34615384615384615,0.2,32.11538461538461,49.8,116.26999999999998,1.9200000000000728,0.76,0.6,1.72,1.4,28.72,29.8,-99.76999999999998,5.779999999999973,2.576923076923077,3.0,0.11511547118679805,0.08072549252520053,0.64,0.8,0.02190643174629222,0.015578231292517005,True,False
2023-10-12,Chile,Peru,36.0,22.0,2,0,0,14.0,4.0,1.0,1.0344827586206897,0.8,1.3448275862068966,1.4,31.655172413793103,35.6,-67.69000000000005,-31.850000000000136,1.09375,0.4,1.21875,0.4,32.0625,38.6,17.200000000000045,-1.0399999999999636,1.1379310344827587,1.0,0.04013845505843724,0.027217822697439376,1.34375,1.4,0.03963842394644129,0.02416466327060144,True,False
2023-10-17,Venezuela,Chile,53.0,36.0,3,0,0,17.0,-4.0,4.0,0.7692307692307693,0.8,1.6923076923076923,1.0,27.73076923076923,29.6,-94.17000000000007,11.379999999999882,1.0666666666666667,1.2,1.3,1.0,31.333333333333332,36.8,-74.25,-2.160000000000082,0.6538461538461539,1.0,0.03388438949963995,0.08224489795918367,1.2,1.6,0.04334596110194387,0.05449054997016665,True,False
2023-10-17,Ecuador,Colombia,38.0,16.0,0,0,2,22.0,-2.0,-1.0,1.4516129032258065,1.6,1.1290322580645162,0.8,29.0,44.4,129.66000000000008,19.529999999999973,1.1666666666666667,1.6,1.0,0.8,28.933333333333334,33.0,7.599999999999909,25.529999999999973,1.5483870967741935,2.4,0.10640887439743132,0.0673424467099166,1.4333333333333333,2.2,0.07404015772300367,0.09130697911863514,True,False
2023-10-17,Paraguay,Bolivia,52.0,83.0,1,0,0,-31.0,3.0,0.0,0.7666666666666667,0.4,1.3333333333333333,1.4,26.533333333333335,25.4,-28.920000000000073,-16.690000000000055,0.967741935483871,0.6,2.2580645161290325,2.4,24.774193548387096,23.6,-36.1400000000001,-8.560000000000173,0.9,0.2,0.046094229815471205,0.009523809523809523,0.5161290322580645,0.2,0.02286126346042004,0.0064516129032258064,True,False
2023-10-17,Peru,Argentina,22.0,1.0,0,2,1,21.0,1.0,0.0,1.0606060606060606,0.4,1.2424242424242424,0.6,32.18181818181818,43.4,7.910000000000082,-9.099999999999909,1.7,1.8,0.36666666666666664,0.0,36.9,49.8,228.41000000000008,77.52999999999997,1.303030303030303,1.4,0.03843725958442791,0.02416466327060144,2.466666666666667,3.0,0.13696234129424786,0.08975728892872878,True,False
2023-10-17,Uruguay,Brazil,17.0,3.0,2,0,0,14.0,1.0,0.0,1.4482758620689655,2.6,1.0,1.0,32.241379310344826,38.4,-18.49000000000001,-9.220000000000027,2.185185185185185,3.0,0.37037037037037035,0.4,32.888888888888886,51.8,125.6099999999999,14.189999999999827,1.6896551724137931,2.0,0.06760015650543306,0.05503955394586352,2.5185185185185186,2.6,0.11155074723648337,0.07054558905876789,True,False
2023-11-16,Costa Rica,Panama,46.0,44.0,0,3,1,2.0,0.0,-1.0,0.3684210526315789,0.4,0.9473684210526315,2.0,46.31578947368421,47.0,39.299999999999955,-24.789999999999964,0.9545454545454546,0.8,1.2727272727272727,1.2,34.77272727272727,39.6,148.94000000000005,54.710000000000036,0.8421052631578947,0.0,0.023877766315439447,0.0,1.4090909090909092,1.2,0.03792745864508746,0.02261353104726599,True,False
2023-11-16,Bolivia,Peru,85.0,26.0,2,0,0,59.0,2.0,4.0,0.9375,0.6,2.21875,2.6,25.625,27.8,-36.1400000000001,-7.230000000000018,1.0294117647058822,0.2,1.2647058823529411,1.0,31.264705882352942,34.2,7.910000000000082,-9.099999999999909,0.5,0.0,0.022146848977281915,0.0,1.2647058823529411,0.8,0.0373067519495918,0.011398705823792932,True,False
2023-11-16,Venezuela,Ecuador,49.0,36.0,0,0,2,13.0,-4.0,-2.0,0.8518518518518519,1.4,1.6296296296296295,0.8,28.037037037037038,33.0,-94.17000000000007,18.460000000000036,1.40625,1.4,1.09375,0.8,28.59375,31.0,129.66000000000008,19.529999999999973,0.7407407407407407,1.6,0.03571583186385082,0.09891156462585034,1.53125,2.0,0.10503672207251158,0.07261353104726599,True,False
2023-11-16,Colombia,Brazil,17.0,3.0,2,1,0,14.0,1.0,0.0,1.1290322580645162,1.0,0.967741935483871,0.4,29.225806451612904,38.2,7.599999999999909,18.559999999999945,2.107142857142857,2.2,0.42857142857142855,0.8,32.32142857142857,50.0,125.6099999999999,14.189999999999827,1.4193548387096775,1.8,0.07250066197302561,0.04657013701337197,2.4285714285714284,2.0,0.10756679197803753,0.047468665981844814,True,False
2023-11-16,Argentina,Uruguay,1.0,15.0,0,2,1,-14.0,0.0,-2.0,1.7096774193548387,1.8,0.3548387096774194,0.0,36.41935483870968,51.6,228.41000000000008,13.029999999999973,1.4666666666666666,2.0,0.9666666666666667,1.0,31.266666666666666,26.8,-18.49000000000001,-14.440000000000055,2.4838709677419355,3.0,0.13694302823197005,0.0708761700476099,1.7333333333333334,2.0,0.09868015128858526,0.245203488372093,True,False
2023-11-16,Chile,Paraguay,37.0,53.0,0,0,2,-16.0,1.0,1.0,1.032258064516129,0.6,1.3548387096774193,1.2,32.03225806451613,38.2,-74.25,-6.569999999999936,0.7741935483870968,0.6,1.2903225806451613,1.0,28.35483870967742,38.6,-28.920000000000073,-12.980000000000018,1.1612903225806452,1.0,0.04194770429220375,0.04144707170929708,0.967741935483871,0.8,0.045773273315399654,0.016752725186460128,True,False
2023-11-18,Jamaica,Canada,55.0,45.0,1,2,1,10.0,-1.0,1.0,0.5714285714285714,0.6,2.0714285714285716,2.6,32.142857142857146,14.8,-64.82000000000016,-10.789999999999964,1.4166666666666667,1.2,0.75,0.8,40.75,47.6,102.10000000000014,-55.159999999999854,0.2857142857142857,0.4,0.015722349545878957,0.03555555555555555,1.6666666666666667,1.2,0.06102409545146129,0.020022246941045607,True,False
2023-11-20,Panama,Costa Rica,44.0,46.0,3,1,0,-2.0,-1.0,0.0,1.0434782608695652,1.4,1.2173913043478262,0.8,35.26086956521739,39.4,156.08999999999992,61.8599999999999,0.35,0.4,1.05,2.2,46.2,43.6,13.099999999999909,-48.080000000000155,1.4782608695652173,1.8,0.03911397745635965,0.03565700930813555,0.8,0.0,0.022683877999667472,0.0,True,False
2023-11-21,Canada,Jamaica,45.0,55.0,2,3,1,-10.0,1.0,-1.0,1.4615384615384615,1.6,0.7692307692307693,0.8,41.84615384615385,50.2,114.3900000000001,-42.86999999999989,0.6,0.8,2.066666666666667,2.2,33.0,17.2,-11.259999999999991,42.6400000000001,1.7692307692307692,1.8,0.06052573845869154,0.030931337850136513,0.26666666666666666,0.4,0.014674192909487025,0.03555555555555555,True,False
2023-11-21,Ecuador,Chile,36.0,37.0,1,0,0,-1.0,-2.0,1.0,1.3636363636363635,0.8,1.0606060606060606,0.6,29.21212121212121,33.0,140.30999999999995,21.839999999999918,1.0,0.6,1.3125,1.2,32.6875,32.2,-75.19000000000005,-7.5,1.5151515151515151,1.6,0.10247222029047506,0.06131054831571183,1.15625,1.0,0.04122646117458181,0.04281101806074059,True,False
2023-11-21,Paraguay,Colombia,53.0,17.0,0,1,1,36.0,1.0,1.0,0.75,0.2,1.25,0.4,28.625,39.8,-24.039999999999964,-5.680000000000064,1.15625,1.0,0.96875,0.6,28.40625,29.4,4.599999999999909,1.6899999999998272,0.96875,1.0,0.045187453118888006,0.022158130591865534,1.46875,1.8,0.10148501628636858,0.23380417956656346,True,False
2023-11-21,Uruguay,Bolivia,15.0,85.0,3,0,0,-70.0,-2.0,2.0,1.4838709677419355,2.0,0.9354838709677419,1.0,30.29032258064516,18.4,-1.2799999999999727,10.589999999999918,0.9696969696969697,0.8,2.1515151515151514,2.2,25.636363636363637,24.0,-52.91000000000008,-24.0,1.7741935483870968,2.0,0.1922711141502438,0.83125,0.5757575757575758,0.6,0.0249722358381102,0.023076923076923078,True,False
2023-11-21,Peru,Venezuela,26.0,49.0,1,1,2,-23.0,4.0,-4.0,1.0,0.0,1.2857142857142858,1.4,32.8,34.8,-11.430000000000064,-28.63000000000011,0.8214285714285714,1.0,1.5714285714285714,0.4,28.321428571428573,28.2,-71.32999999999993,28.440000000000055,1.2285714285714286,0.2,0.03624084475103203,0.004081632653061224,0.75,1.6,0.03543232993220535,0.10113378684807255,True,False
2023-11-21,Brazil,Argentina,3.0,1.0,0,1,1,2.0,0.0,0.0,2.0689655172413794,1.6,0.4827586206896552,1.2,31.79310344827586,38.2,100.20000000000005,-16.069999999999936,1.65625,1.4,0.40625,0.4,35.75,42.4,238.28999999999996,17.559999999999945,2.3448275862068964,1.4,0.10385759225465695,0.03957392913973955,2.40625,2.4,0.13266355859972098,0.06104010447383942,True,False
2023-12-16,Mexico,Colombia,14.0,15.0,2,3,1,-1.0,2.0,-2.0,1.2307692307692308,1.8,0.9230769230769231,0.4,48.5,56.8,7.190000000000055,3.410000000000082,1.1515151515151516,1.0,0.9393939393939394,0.6,29.151515151515152,28.6,4.599999999999909,1.6899999999998272,1.6923076923076923,2.6,0.03477680468721554,0.04780566718520439,1.5151515151515151,1.8,0.10012497862874849,0.23459861849407093,False,True
2024-03-21,Panama,Mexico,44.0,15.0,0,3,1,29.0,3.0,0.0,1.125,2.0,1.2083333333333333,0.8,35.708333333333336,45.6,156.08999999999992,61.8599999999999,1.2592592592592593,1.8,1.0,0.6,47.25925925925926,47.0,23.210000000000036,23.340000000000146,1.5416666666666667,2.4,0.04020161970002583,0.04870048756900512,1.6296296296296295,2.4,0.033488774883985335,0.04468066718520439,True,False
2024-03-24,Jamaica,Panama,57.0,44.0,1,0,0,13.0,2.0,3.0,0.75,1.2,2.0625,2.4,33.75,24.4,-11.259999999999991,39.330000000000155,1.08,1.6,1.28,1.2,34.88,40.8,170.6199999999999,76.38999999999987,0.4375,0.8,0.017923722519310757,0.026666666666666665,1.48,1.8,0.03859355491202479,0.033315872184389736,True,False
2024-03-26,Argentina,Costa Rica,1.0,54.0,3,1,0,-53.0,0.0,2.0,1.6363636363636365,1.4,0.3939393939393939,0.4,34.75757575757576,35.0,238.28999999999996,17.559999999999945,0.38095238095238093,0.6,1.1428571428571428,2.6,46.095238095238095,40.2,13.099999999999909,-39.01999999999998,2.4242424242424243,2.4,0.1589464810663961,0.2460401044738394,0.7619047619047619,0.0,0.021603693333016642,0.0,False,True
2024-05-31,Bolivia,Mexico,86.0,15.0,0,1,1,71.0,1.0,0.0,0.9411764705882353,0.6,2.176470588235294,1.8,25.323529411764707,26.4,-52.91000000000008,-24.0,1.3214285714285714,2.2,0.9642857142857143,0.6,47.142857142857146,44.2,20.700000000000045,13.509999999999991,0.5588235294117647,0.6,0.024237758313459902,0.023076923076923078,1.6785714285714286,2.4,0.03472781214462223,0.047972203235361124,False,True
2024-05-31,Costa Rica,Uruguay,54.0,11.0,0,0,2,43.0,2.0,0.0,0.4090909090909091,0.6,1.2272727272727273,2.6,44.04545454545455,32.2,-1.4300000000000637,-53.549999999999955,1.53125,2.0,0.90625,0.8,32.0,29.0,-1.2799999999999727,10.589999999999918,0.7272727272727273,0.0,0.020621707272424974,0.0,1.8125,2.0,0.18736558300951928,0.8195588235294118,False,True
2024-06-05,Mexico,Uruguay,15.0,11.0,0,4,1,4.0,0.0,0.0,1.3103448275862069,2.0,0.9310344827586207,0.6,48.48275862068966,53.0,20.700000000000045,13.509999999999991,1.4848484848484849,1.8,0.8787878787878788,0.4,32.666666666666664,31.8,20.99000000000001,39.48000000000002,1.7241379310344827,2.4,0.034733188309643274,0.04066323313569335,1.7878787878787878,2.2,0.18224900529767082,0.8232625272331155,False,True
2024-06-07,Peru,Paraguay,33.0,56.0,0,0,2,-23.0,-2.0,3.0,1.0,0.2,1.2777777777777777,1.6,33.25,34.8,-11.430000000000064,-28.63000000000011,0.7272727272727273,0.2,1.2424242424242424,0.6,28.272727272727273,39.0,-24.039999999999964,-5.680000000000064,1.2222222222222223,0.2,0.0358010480430952,0.004081632653061224,0.9393939393939394,0.8,0.04381813635770959,0.01263432106805601,False,True
2024-06-08,Mexico,Brazil,15.0,5.0,2,3,1,10.0,0.0,0.0,1.2666666666666666,1.4,1.0333333333333334,1.4,47.233333333333334,42.6,20.700000000000045,13.509999999999991,2.0,0.6,0.5,1.2,30.766666666666666,21.8,100.20000000000005,-16.069999999999936,1.6666666666666667,1.8,0.0335754153659885,0.03113942361188383,2.2666666666666666,0.8,0.10039567251283504,0.032345013477088944,False,True
2024-06-09,Argentina,Ecuador,1.0,31.0,1,0,0,-30.0,0.0,-1.0,1.6764705882352942,1.4,0.4117647058823529,0.6,35.3235294117647,29.2,232.20000000000005,3.7899999999999636,1.3529411764705883,1.0,1.0294117647058822,0.4,29.441176470588236,40.2,140.30999999999995,21.839999999999918,2.4411764705882355,2.4,0.15590557149254786,0.24992229992229995,1.5588235294117647,2.2,0.10184306913725759,0.07752676453192804,False,True
2024-06-11,Chile,Paraguay,42.0,56.0,3,0,0,-14.0,2.0,3.0,0.9696969696969697,0.4,1.303030303030303,0.8,32.78787878787879,36.2,-75.19000000000005,-7.5,0.7058823529411765,0.2,1.2058823529411764,0.4,28.41176470588235,34.2,-30.269999999999982,-1.349999999999909,1.121212121212121,1.0,0.039977174472321755,0.04281101806074059,0.9411764705882353,1.0,0.04342063323845431,0.01869492712866207,False,True
2024-06-12,Ecuador,Bolivia,31.0,86.0,3,1,0,-55.0,-1.0,1.0,1.3142857142857143,0.6,1.0285714285714285,0.4,28.62857142857143,37.2,151.20000000000005,21.539999999999964,0.9142857142857143,0.6,2.142857142857143,1.4,25.02857142857143,29.2,-39.450000000000045,-3.3099999999999454,1.5142857142857142,1.6,0.09893326716190737,0.04002676453192804,0.5428571428571428,0.6,0.023545250933075332,0.023076923076923078,False,True
2024-06-15,Colombia,Bolivia,14.0,86.0,3,0,0,-72.0,0.0,1.0,1.2058823529411764,1.6,0.9705882352941176,1.0,28.705882352941178,25.0,29.200000000000045,21.600000000000136,0.9166666666666666,0.6,2.1666666666666665,1.6,25.194444444444443,27.8,-39.450000000000045,-3.3099999999999454,1.5588235294117647,2.2,0.10348264732454159,0.27120576135121377,0.5277777777777778,0.6,0.02289121618493435,0.023076923076923078,False,True
2024-06-16,Panama,Paraguay,44.0,56.0,0,1,1,-12.0,3.0,3.0,1.0384615384615385,1.6,1.2692307692307692,1.2,35.73076923076923,49.4,170.6199999999999,21.679999999999836,0.6857142857142857,0.2,1.2571428571428571,0.8,28.8,42.4,-30.269999999999982,-1.349999999999909,1.4230769230769231,1.8,0.037109187415408446,0.033315872184389736,0.9142857142857143,1.0,0.04218004371735562,0.01869492712866207,False,True
